2026-02-23 09:45:30,694 - Knowledge - INFO - Created shared MongoDB connection pool
2026-02-23 09:45:31,027 - Knowledge - INFO - Starting Knowledge Graph processing with 20 threads
2026-02-23 09:45:31,192 - Knowledge - INFO - Initial configuration: chunk_size=65536, max_cache_size=500
2026-02-23 09:45:31,374 - Knowledge - INFO - Knowledge Graph concurrency configuration: workers=20, max_batch_size=10, max_concurrent_llm_calls=50
2026-02-23 09:45:33,076 - Knowledge - INFO - 🔍 _load_persisted_knowledge called - checking for Redis optimization
2026-02-23 09:45:33,259 - Knowledge - WARNING - ❌ load_from_redis method not found - Redis support not attached
2026-02-23 09:45:33,463 - Knowledge - INFO - load persisted knowledge: begin
2026-02-23 09:45:33,648 - Knowledge - INFO - Loaded 0 files from persisted knowledge
2026-02-23 09:45:33,818 - Knowledge - INFO - load persisted knowledge: end
2026-02-23 09:45:34,011 - Knowledge - WARNING - No persisted knowledge found. Files will be queued during start()
2026-02-23 09:45:34,206 - Knowledge - INFO - Redis support added with prefix knowledge:b6423qn:
2026-02-23 09:45:34,528 - Knowledge - INFO - Starting knowledge initialization for ID: o7tg9j-b6423qn
2026-02-23 09:45:34,709 - Knowledge - INFO - 🔍 Checking Redis for build_id: b6423qn
2026-02-23 09:45:34,874 - Knowledge - INFO - 🔍 Full session ID: o7tg9j-b6423qn
2026-02-23 09:45:35,059 - Knowledge - INFO - 🔍 Redis prefix will be: knowledge:b6423qn:
2026-02-23 09:45:35,222 - Knowledge - INFO - 🔍 Using attached load_from_redis() method
2026-02-23 09:45:35,408 - Knowledge - INFO - 🔍 Attempting to load knowledge from Redis...
2026-02-23 09:45:35,605 - Knowledge - INFO - 🔍 Using derived instance_id for Redis lookup: b6423qn
2026-02-23 09:45:35,814 - Knowledge - WARNING - ❌ No Redis cache found
2026-02-23 09:45:35,996 - Knowledge - INFO - 📁 Loading knowledge from disk...
2026-02-23 09:45:36,204 - Knowledge - INFO - load persisted docinfo: begin
2026-02-23 09:45:36,371 - Knowledge - INFO - load persisted docinfo: end
2026-02-23 09:45:36,542 - Knowledge - INFO - 🔍 _load_persisted_knowledge called - checking for Redis optimization
2026-02-23 09:45:36,764 - Knowledge - INFO - ✅ load_from_redis method found - attempting Redis load
2026-02-23 09:45:36,924 - Knowledge - INFO - 🔍 Attempting to load knowledge from Redis...
2026-02-23 09:45:37,100 - Knowledge - INFO - 🔍 Using derived instance_id for Redis lookup: b6423qn
2026-02-23 09:45:37,326 - Knowledge - WARNING - ❌ No Redis cache found
2026-02-23 09:45:37,523 - Knowledge - INFO - ❌ Redis load returned False - falling back to file loading
2026-02-23 09:45:37,706 - Knowledge - INFO - load persisted knowledge: begin
2026-02-23 09:45:37,900 - Knowledge - INFO - Loaded 0 files from persisted knowledge
2026-02-23 09:45:38,100 - Knowledge - INFO - load persisted knowledge: end
2026-02-23 09:45:38,280 - Knowledge - INFO - 📁 Disk load complete in 2.12s
2026-02-23 09:45:38,445 - Knowledge - INFO - Populating ingest queue with source files...
2026-02-23 09:45:38,741 - Knowledge - INFO - Added 252 files from /app/data/T0015/325511/b6423qn/entservices-deviceanddisplay-325511 to ingest queue
2026-02-23 09:45:38,901 - Knowledge - INFO - [WEBSOCKET] Sent: Type=progress_update, Size: 160, Duration: 0ms
2026-02-23 09:45:39,137 - Knowledge - INFO - Worker kw1 created using shared MongoDB connection pool
2026-02-23 09:45:39,337 - Knowledge - INFO - knowledge worker kw1 start
2026-02-23 09:45:39,337 - Knowledge - INFO - Worker kw2 created using shared MongoDB connection pool
2026-02-23 09:45:39,538 - Knowledge - INFO - [kw1] Queue=252, InProgress=0, PendingWorkers=0/1, Completed=0/252 (0.0%)
2026-02-23 09:45:39,619 - Knowledge - INFO - knowledge worker kw2 start
2026-02-23 09:45:39,619 - Knowledge - INFO - Worker kw3 created using shared MongoDB connection pool
2026-02-23 09:45:39,754 - Knowledge - INFO - Batch sizing: calculated=6, max_allowed=10, queue=252, active_workers=0/2
2026-02-23 09:45:39,832 - Knowledge - INFO - [kw2] Queue=252, InProgress=0, PendingWorkers=0/2, Completed=0/252 (0.0%)
2026-02-23 09:45:39,928 - Knowledge - INFO - knowledge worker kw3 start
2026-02-23 09:45:39,928 - Knowledge - INFO - Worker kw4 created using shared MongoDB connection pool
2026-02-23 09:45:40,048 - Knowledge - INFO - Worker kw1 processing /app/data/T0015/325511/b6423qn/entservices-deviceanddisplay-325511/cov_build.sh
2026-02-23 09:45:40,125 - Knowledge - INFO - Batch sizing: calculated=6, max_allowed=10, queue=252, active_workers=1/3
2026-02-23 09:45:40,209 - Knowledge - INFO - [kw3] Queue=246, InProgress=0, PendingWorkers=1/3, Completed=0/252 (0.0%)
2026-02-23 09:45:40,337 - Knowledge - INFO - knowledge worker kw4 start
2026-02-23 09:45:40,337 - Knowledge - INFO - Worker kw5 created using shared MongoDB connection pool
2026-02-23 09:45:40,413 - Knowledge - INFO - Worker kw1 processing /app/data/T0015/325511/b6423qn/entservices-deviceanddisplay-325511/PowerManager/RebootController.cpp
2026-02-23 09:45:40,492 - Knowledge - INFO - Worker kw2 processing /app/data/T0015/325511/b6423qn/entservices-deviceanddisplay-325511/PowerManager/PowerController.cpp
2026-02-23 09:45:40,604 - Knowledge - INFO - Batch sizing: calculated=6, max_allowed=10, queue=246, active_workers=2/4
2026-02-23 09:45:40,686 - Knowledge - INFO - [kw4] Queue=240, InProgress=0, PendingWorkers=2/4, Completed=0/252 (0.0%)
2026-02-23 09:45:40,757 - Knowledge - INFO - knowledge worker kw5 start
2026-02-23 09:45:40,757 - Knowledge - INFO - Worker kw6 created using shared MongoDB connection pool
2026-02-23 09:45:40,866 - Knowledge - INFO - Worker kw1 processing /app/data/T0015/325511/b6423qn/entservices-deviceanddisplay-325511/PowerManager/PowerUtils.h
2026-02-23 09:45:40,957 - Knowledge - INFO - Worker kw2 processing /app/data/T0015/325511/b6423qn/entservices-deviceanddisplay-325511/PowerManager/LambdaJob.h
2026-02-23 09:45:41,036 - Knowledge - INFO - Worker kw3 processing /app/data/T0015/325511/b6423qn/entservices-deviceanddisplay-325511/PowerManager/DeepSleepController.h
2026-02-23 09:45:41,134 - Knowledge - INFO - Batch sizing: calculated=6, max_allowed=10, queue=240, active_workers=3/5
2026-02-23 09:45:41,218 - Knowledge - INFO - [kw5] Queue=234, InProgress=0, PendingWorkers=3/5, Completed=0/252 (0.0%)
2026-02-23 09:45:41,305 - Knowledge - INFO - knowledge worker kw6 start
2026-02-23 09:45:41,305 - Knowledge - INFO - Worker kw7 created using shared MongoDB connection pool
2026-02-23 09:45:41,413 - Knowledge - INFO - Fast-tracked /app/data/T0015/325511/b6423qn/entservices-deviceanddisplay-325511/PowerManager/PowerUtils.h (ext=.h, size=1206)
2026-02-23 09:45:41,488 - Knowledge - INFO - Fast-tracked /app/data/T0015/325511/b6423qn/entservices-deviceanddisplay-325511/PowerManager/LambdaJob.h (ext=.h, size=1540)
2026-02-23 09:45:41,567 - Knowledge - INFO - Worker kw3 processing /app/data/T0015/325511/b6423qn/entservices-deviceanddisplay-325511/PowerManager/PowerManager.cpp
2026-02-23 09:45:41,664 - Knowledge - INFO - Worker kw4 processing /app/data/T0015/325511/b6423qn/entservices-deviceanddisplay-325511/PowerManager/hal/DeepSleep.h
2026-02-23 09:45:41,798 - Knowledge - INFO - Batch sizing: calculated=6, max_allowed=10, queue=234, active_workers=4/6
2026-02-23 09:45:41,951 - Knowledge - INFO - [kw6] Queue=228, InProgress=0, PendingWorkers=4/6, Completed=0/252 (0.0%)
2026-02-23 09:45:42,027 - Knowledge - INFO - knowledge worker kw7 start
2026-02-23 09:45:42,028 - Knowledge - INFO - Worker kw8 created using shared MongoDB connection pool
2026-02-23 09:45:42,117 - Knowledge - INFO - Worker kw1 processing /app/data/T0015/325511/b6423qn/entservices-deviceanddisplay-325511/PowerManager/PowerManagerImplementation.h
2026-02-23 09:45:42,205 - Knowledge - INFO - Worker kw2 processing /app/data/T0015/325511/b6423qn/entservices-deviceanddisplay-325511/PowerManager/Settings.cpp
2026-02-23 09:45:42,293 - Knowledge - INFO - Worker kw3 processing /app/data/T0015/325511/b6423qn/entservices-deviceanddisplay-325511/PowerManager/AckController.h
2026-02-23 09:45:42,393 - Knowledge - INFO - Fast-tracked /app/data/T0015/325511/b6423qn/entservices-deviceanddisplay-325511/PowerManager/hal/DeepSleep.h (ext=.h, size=1408)
2026-02-23 09:45:42,480 - Knowledge - INFO - Worker kw5 processing /app/data/T0015/325511/b6423qn/entservices-deviceanddisplay-325511/PowerManager/PowerController.h
2026-02-23 09:45:42,587 - Knowledge - INFO - Batch sizing: calculated=6, max_allowed=10, queue=228, active_workers=5/7
2026-02-23 09:45:42,670 - Knowledge - INFO - [kw7] Queue=222, InProgress=0, PendingWorkers=5/7, Completed=0/252 (0.0%)
2026-02-23 09:45:42,750 - Knowledge - INFO - knowledge worker kw8 start
2026-02-23 09:45:42,751 - Knowledge - INFO - Worker kw9 created using shared MongoDB connection pool
2026-02-23 09:45:42,827 - Knowledge - INFO - Worker kw1 processing /app/data/T0015/325511/b6423qn/entservices-deviceanddisplay-325511/PowerManager/Module.h
2026-02-23 09:45:42,945 - Knowledge - INFO - Worker kw2 processing /app/data/T0015/325511/b6423qn/entservices-deviceanddisplay-325511/PowerManager/ThermalController.cpp
2026-02-23 09:45:43,046 - Knowledge - INFO - Worker kw3 processing /app/data/T0015/325511/b6423qn/entservices-deviceanddisplay-325511/PowerManager/hal/ThermalMfrImpl.h
2026-02-23 09:45:43,120 - Knowledge - INFO - Worker kw4 processing /app/data/T0015/325511/b6423qn/entservices-deviceanddisplay-325511/PowerManager/hal/Power.h
2026-02-23 09:45:43,204 - Knowledge - INFO - Worker kw5 processing /app/data/T0015/325511/b6423qn/entservices-deviceanddisplay-325511/PowerManager/Settings.h
2026-02-23 09:45:43,272 - Knowledge - INFO - Worker kw6 processing /app/data/T0015/325511/b6423qn/entservices-deviceanddisplay-325511/DeviceDiagnostics/DeviceDiagnosticsImplementation.h
2026-02-23 09:45:43,357 - Knowledge - INFO - Batch sizing: calculated=6, max_allowed=10, queue=222, active_workers=6/8
2026-02-23 09:45:43,476 - Knowledge - INFO - [kw8] Queue=216, InProgress=0, PendingWorkers=6/8, Completed=0/252 (0.0%)
2026-02-23 09:45:43,556 - Knowledge - INFO - knowledge worker kw9 start
2026-02-23 09:45:43,557 - Knowledge - INFO - Worker kw10 created using shared MongoDB connection pool
2026-02-23 09:45:43,658 - Knowledge - INFO - Fast-tracked /app/data/T0015/325511/b6423qn/entservices-deviceanddisplay-325511/PowerManager/Module.h (ext=.h, size=874)
2026-02-23 09:45:43,744 - Knowledge - INFO - Worker kw2 processing /app/data/T0015/325511/b6423qn/entservices-deviceanddisplay-325511/PowerManager/CMakeLists.txt
2026-02-23 09:45:43,843 - Knowledge - INFO - Worker kw3 processing /app/data/T0015/325511/b6423qn/entservices-deviceanddisplay-325511/PowerManager/hal/PowerImpl.h
2026-02-23 09:45:43,921 - Knowledge - INFO - Fast-tracked /app/data/T0015/325511/b6423qn/entservices-deviceanddisplay-325511/PowerManager/hal/Power.h (ext=.h, size=1487)
2026-02-23 09:45:43,992 - Knowledge - INFO - Worker kw5 processing /app/data/T0015/325511/b6423qn/entservices-deviceanddisplay-325511/PowerManager/ThermalController.h
2026-02-23 09:45:44,072 - Knowledge - INFO - Worker kw6 processing /app/data/T0015/325511/b6423qn/entservices-deviceanddisplay-325511/DeviceDiagnostics/Module.h
2026-02-23 09:45:44,186 - Knowledge - INFO - Worker kw7 processing /app/data/T0015/325511/b6423qn/entservices-deviceanddisplay-325511/DeviceDiagnostics/Module.cpp
2026-02-23 09:45:44,290 - Knowledge - INFO - Batch sizing: calculated=6, max_allowed=10, queue=216, active_workers=7/9
2026-02-23 09:45:44,369 - Knowledge - INFO - [kw9] Queue=210, InProgress=0, PendingWorkers=7/9, Completed=0/252 (0.0%)
2026-02-23 09:45:44,452 - Knowledge - INFO - knowledge worker kw10 start
2026-02-23 09:45:44,452 - Knowledge - INFO - Worker kw11 created using shared MongoDB connection pool
2026-02-23 09:45:44,556 - Knowledge - INFO - Worker kw1 processing /app/data/T0015/325511/b6423qn/entservices-deviceanddisplay-325511/PowerManager/DeepSleepController.cpp
2026-02-23 09:45:44,646 - Knowledge - INFO - Fast-tracked /app/data/T0015/325511/b6423qn/entservices-deviceanddisplay-325511/PowerManager/CMakeLists.txt (ext=.txt, size=4424)
2026-02-23 09:45:44,754 - Knowledge - INFO - Worker kw3 processing /app/data/T0015/325511/b6423qn/entservices-deviceanddisplay-325511/PowerManager/hal/ThermalImpl.h
2026-02-23 09:45:44,860 - Knowledge - INFO - Worker kw4 processing /app/data/T0015/325511/b6423qn/entservices-deviceanddisplay-325511/PowerManager/hal/Thermal.h
2026-02-23 09:45:44,944 - Knowledge - INFO - Worker kw5 processing /app/data/T0015/325511/b6423qn/entservices-deviceanddisplay-325511/PowerManager/CHANGELOG.md
2026-02-23 09:45:45,064 - Knowledge - INFO - Fast-tracked /app/data/T0015/325511/b6423qn/entservices-deviceanddisplay-325511/DeviceDiagnostics/Module.h (ext=.h, size=881)
2026-02-23 09:45:45,133 - Knowledge - INFO - Fast-tracked /app/data/T0015/325511/b6423qn/entservices-deviceanddisplay-325511/DeviceDiagnostics/Module.cpp (ext=.cpp, size=765)
2026-02-23 09:45:45,226 - Knowledge - INFO - Worker kw8 processing /app/data/T0015/325511/b6423qn/entservices-deviceanddisplay-325511/DeviceInfo/DeviceInfo.h
2026-02-23 09:45:45,305 - Knowledge - INFO - Batch sizing: calculated=6, max_allowed=10, queue=210, active_workers=8/10
2026-02-23 09:45:45,389 - Knowledge - INFO - [kw10] Queue=204, InProgress=0, PendingWorkers=8/10, Completed=0/252 (0.0%)
2026-02-23 09:45:45,508 - Knowledge - INFO - knowledge worker kw11 start
2026-02-23 09:45:45,509 - Knowledge - INFO - Worker kw12 created using shared MongoDB connection pool
2026-02-23 09:45:45,652 - Knowledge - INFO - Worker kw2 processing /app/data/T0015/325511/b6423qn/entservices-deviceanddisplay-325511/PowerManager/PowerManager.h
2026-02-23 09:45:45,884 - Knowledge - INFO - Fast-tracked /app/data/T0015/325511/b6423qn/entservices-deviceanddisplay-325511/PowerManager/hal/Thermal.h (ext=.h, size=1517)
2026-02-23 09:45:45,960 - Knowledge - INFO - Fast-tracked /app/data/T0015/325511/b6423qn/entservices-deviceanddisplay-325511/PowerManager/CHANGELOG.md (ext=.md, size=1013)
2026-02-23 09:45:46,029 - Knowledge - INFO - Worker kw6 processing /app/data/T0015/325511/b6423qn/entservices-deviceanddisplay-325511/DeviceDiagnostics/DeviceDiagnostics.h
2026-02-23 09:45:46,129 - Knowledge - INFO - Worker kw7 processing /app/data/T0015/325511/b6423qn/entservices-deviceanddisplay-325511/DeviceDiagnostics/CHANGELOG.md
2026-02-23 09:45:46,207 - Knowledge - INFO - Worker kw8 processing /app/data/T0015/325511/b6423qn/entservices-deviceanddisplay-325511/DeviceInfo/DeviceAudioCapabilities.h
2026-02-23 09:45:46,318 - Knowledge - INFO - Worker kw9 processing /app/data/T0015/325511/b6423qn/entservices-deviceanddisplay-325511/DeviceInfo/Module.cpp
2026-02-23 09:45:46,419 - Knowledge - INFO - Batch sizing: calculated=6, max_allowed=10, queue=204, active_workers=9/11
2026-02-23 09:45:46,489 - Knowledge - INFO - [kw11] Queue=198, InProgress=0, PendingWorkers=9/11, Completed=0/252 (0.0%)
2026-02-23 09:45:46,568 - Knowledge - INFO - knowledge worker kw12 start
2026-02-23 09:45:46,568 - Knowledge - INFO - Worker kw13 created using shared MongoDB connection pool
2026-02-23 09:45:46,728 - Knowledge - INFO - Worker kw4 processing /app/data/T0015/325511/b6423qn/entservices-deviceanddisplay-325511/PowerManager/hal/DeepSleepImpl.h
2026-02-23 09:45:46,833 - Knowledge - INFO - Worker kw5 processing /app/data/T0015/325511/b6423qn/entservices-deviceanddisplay-325511/PowerManager/PowerManagerImplementation.cpp
2026-02-23 09:45:46,978 - Knowledge - INFO - Worker kw6 processing /app/data/T0015/325511/b6423qn/entservices-deviceanddisplay-325511/DeviceDiagnostics/CMakeLists.txt
2026-02-23 09:45:47,055 - Knowledge - INFO - Fast-tracked /app/data/T0015/325511/b6423qn/entservices-deviceanddisplay-325511/DeviceDiagnostics/CHANGELOG.md (ext=.md, size=1015)
2026-02-23 09:45:47,176 - Knowledge - INFO - Fast-tracked /app/data/T0015/325511/b6423qn/entservices-deviceanddisplay-325511/DeviceInfo/DeviceAudioCapabilities.h (ext=.h, size=1838)
2026-02-23 09:45:47,290 - Knowledge - INFO - Fast-tracked /app/data/T0015/325511/b6423qn/entservices-deviceanddisplay-325511/DeviceInfo/Module.cpp (ext=.cpp, size=780)
2026-02-23 09:45:47,417 - Knowledge - INFO - Worker kw10 processing /app/data/T0015/325511/b6423qn/entservices-deviceanddisplay-325511/DisplayInfo/DisplayInfo.h
2026-02-23 09:45:47,502 - Knowledge - INFO - Batch sizing: calculated=5, max_allowed=10, queue=198, active_workers=10/12
2026-02-23 09:45:47,585 - Knowledge - INFO - [kw12] Queue=192, InProgress=0, PendingWorkers=10/12, Completed=0/252 (0.0%)
2026-02-23 09:45:47,652 - Knowledge - INFO - knowledge worker kw13 start
2026-02-23 09:45:47,652 - Knowledge - INFO - Worker kw14 created using shared MongoDB connection pool
2026-02-23 09:45:47,742 - Knowledge - INFO - Worker kw4 processing /app/data/T0015/325511/b6423qn/entservices-deviceanddisplay-325511/PowerManager/RebootController.h
2026-02-23 09:45:47,818 - Knowledge - INFO - Worker kw5 processing /app/data/T0015/325511/b6423qn/entservices-deviceanddisplay-325511/PowerManager/PowerUtils.cpp
2026-02-23 09:45:47,930 - Knowledge - INFO - Fast-tracked /app/data/T0015/325511/b6423qn/entservices-deviceanddisplay-325511/DeviceDiagnostics/CMakeLists.txt (ext=.txt, size=2864)
2026-02-23 09:45:48,009 - Knowledge - INFO - Worker kw7 processing /app/data/T0015/325511/b6423qn/entservices-deviceanddisplay-325511/DeviceDiagnostics/DeviceDiagnosticsImplementation.cpp
2026-02-23 09:45:48,126 - Knowledge - INFO - Worker kw8 processing /app/data/T0015/325511/b6423qn/entservices-deviceanddisplay-325511/DeviceInfo/CMakeLists.txt
2026-02-23 09:45:48,195 - Knowledge - INFO - Worker kw9 processing /app/data/T0015/325511/b6423qn/entservices-deviceanddisplay-325511/DeviceInfo/DeviceVideoCapabilities.h
2026-02-23 09:45:48,270 - Knowledge - INFO - Worker kw10 processing /app/data/T0015/325511/b6423qn/entservices-deviceanddisplay-325511/DisplayInfo/Module.h
2026-02-23 09:45:48,343 - Knowledge - INFO - Worker kw11 processing /app/data/T0015/325511/b6423qn/entservices-deviceanddisplay-325511/DisplayInfo/cmake/FindNXCLIENT.cmake
2026-02-23 09:45:48,403 - Knowledge - INFO - Batch sizing: calculated=5, max_allowed=10, queue=192, active_workers=11/13
2026-02-23 09:45:48,487 - Knowledge - INFO - [kw13] Queue=187, InProgress=0, PendingWorkers=11/13, Completed=0/252 (0.0%)
2026-02-23 09:45:48,557 - Knowledge - INFO - knowledge worker kw14 start
2026-02-23 09:45:48,558 - Knowledge - INFO - Worker kw15 created using shared MongoDB connection pool
2026-02-23 09:45:48,631 - Knowledge - INFO - Worker kw4 processing /app/data/T0015/325511/b6423qn/entservices-deviceanddisplay-325511/PowerManager/Module.cpp
2026-02-23 09:45:48,793 - Knowledge - INFO - Worker kw6 processing /app/data/T0015/325511/b6423qn/entservices-deviceanddisplay-325511/DeviceDiagnostics/DeviceDiagnostics.cpp
2026-02-23 09:45:48,891 - Knowledge - INFO - Worker kw7 processing /app/data/T0015/325511/b6423qn/entservices-deviceanddisplay-325511/DeviceInfo/DeviceInfoImplementation.h
2026-02-23 09:45:48,967 - Knowledge - INFO - Fast-tracked /app/data/T0015/325511/b6423qn/entservices-deviceanddisplay-325511/DeviceInfo/CMakeLists.txt (ext=.txt, size=3238)
2026-02-23 09:45:49,048 - Knowledge - INFO - Fast-tracked /app/data/T0015/325511/b6423qn/entservices-deviceanddisplay-325511/DeviceInfo/DeviceVideoCapabilities.h (ext=.h, size=1894)
2026-02-23 09:45:49,173 - Knowledge - INFO - Fast-tracked /app/data/T0015/325511/b6423qn/entservices-deviceanddisplay-325511/DisplayInfo/Module.h (ext=.h, size=886)
2026-02-23 09:45:49,241 - Knowledge - INFO - Fast-tracked /app/data/T0015/325511/b6423qn/entservices-deviceanddisplay-325511/DisplayInfo/cmake/FindNXCLIENT.cmake (ext=.cmake, size=1813)
2026-02-23 09:45:49,335 - Knowledge - INFO - Worker kw12 processing /app/data/T0015/325511/b6423qn/entservices-deviceanddisplay-325511/DisplayInfo/DeviceSettings/RPI/kms.c
2026-02-23 09:45:49,445 - Knowledge - INFO - Batch sizing: calculated=5, max_allowed=10, queue=187, active_workers=12/14
2026-02-23 09:45:49,517 - Knowledge - INFO - [kw14] Queue=182, InProgress=0, PendingWorkers=12/14, Completed=0/252 (0.0%)
2026-02-23 09:45:49,624 - Knowledge - INFO - knowledge worker kw15 start
2026-02-23 09:45:49,624 - Knowledge - INFO - Worker kw16 created using shared MongoDB connection pool
2026-02-23 09:45:49,748 - Knowledge - INFO - Fast-tracked /app/data/T0015/325511/b6423qn/entservices-deviceanddisplay-325511/PowerManager/Module.cpp (ext=.cpp, size=763)
2026-02-23 09:45:49,828 - Knowledge - INFO - Worker kw6 processing /app/data/T0015/325511/b6423qn/entservices-deviceanddisplay-325511/DeviceDiagnostics/README.md
2026-02-23 09:45:49,901 - Knowledge - INFO - Worker kw7 processing /app/data/T0015/325511/b6423qn/entservices-deviceanddisplay-325511/DeviceInfo/Module.h
2026-02-23 09:45:49,970 - Knowledge - INFO - Worker kw8 processing /app/data/T0015/325511/b6423qn/entservices-deviceanddisplay-325511/DeviceInfo/DeviceInfo.cpp
2026-02-23 09:45:50,074 - Knowledge - INFO - Worker kw9 processing /app/data/T0015/325511/b6423qn/entservices-deviceanddisplay-325511/DeviceInfo/CHANGELOG.md
2026-02-23 09:45:50,164 - Knowledge - INFO - Worker kw10 processing /app/data/T0015/325511/b6423qn/entservices-deviceanddisplay-325511/DisplayInfo/DisplayInfoJsonRpc.cpp
2026-02-23 09:45:50,284 - Knowledge - INFO - Worker kw11 processing /app/data/T0015/325511/b6423qn/entservices-deviceanddisplay-325511/DisplayInfo/cmake/FindNEXUS.cmake
2026-02-23 09:45:50,378 - Knowledge - INFO - Worker kw12 processing /app/data/T0015/325511/b6423qn/entservices-deviceanddisplay-325511/DisplayInfo/DeviceSettings/RPI/kms.h
2026-02-23 09:45:50,768 - Knowledge - INFO - Worker kw13 processing /app/data/T0015/325511/b6423qn/entservices-deviceanddisplay-325511/DisplayInfo/Module.cpp
2026-02-23 09:45:50,852 - Knowledge - INFO - Batch sizing: calculated=5, max_allowed=10, queue=182, active_workers=13/15
2026-02-23 09:45:50,936 - Knowledge - INFO - [kw15] Queue=177, InProgress=0, PendingWorkers=13/15, Completed=0/252 (0.0%)
2026-02-23 09:45:51,037 - Knowledge - INFO - knowledge worker kw16 start
2026-02-23 09:45:51,037 - Knowledge - INFO - Worker kw17 created using shared MongoDB connection pool
2026-02-23 09:45:51,201 - Knowledge - INFO - Fast-tracked /app/data/T0015/325511/b6423qn/entservices-deviceanddisplay-325511/DeviceDiagnostics/README.md (ext=.md, size=250)
2026-02-23 09:45:51,283 - Knowledge - INFO - Fast-tracked /app/data/T0015/325511/b6423qn/entservices-deviceanddisplay-325511/DeviceInfo/Module.h (ext=.h, size=968)
2026-02-23 09:45:51,369 - Knowledge - INFO - Worker kw8 processing /app/data/T0015/325511/b6423qn/entservices-deviceanddisplay-325511/DeviceInfo/DeviceAudioCapabilities.cpp
2026-02-23 09:45:51,458 - Knowledge - INFO - Fast-tracked /app/data/T0015/325511/b6423qn/entservices-deviceanddisplay-325511/DeviceInfo/CHANGELOG.md (ext=.md, size=1015)
2026-02-23 09:45:51,552 - Knowledge - INFO - Fast-tracked /app/data/T0015/325511/b6423qn/entservices-deviceanddisplay-325511/DisplayInfo/DisplayInfoJsonRpc.cpp (ext=.cpp, size=1568)
2026-02-23 09:45:51,616 - Knowledge - INFO - Worker kw11 processing /app/data/T0015/325511/b6423qn/entservices-deviceanddisplay-325511/DisplayInfo/cmake/FindBCM_HOST.cmake
2026-02-23 09:45:51,717 - Knowledge - INFO - Worker kw12 processing /app/data/T0015/325511/b6423qn/entservices-deviceanddisplay-325511/DisplayInfo/DeviceSettings/RPI/SoC_abstraction.cpp
2026-02-23 09:45:51,826 - Knowledge - INFO - Fast-tracked /app/data/T0015/325511/b6423qn/entservices-deviceanddisplay-325511/DisplayInfo/Module.cpp (ext=.cpp, size=781)
2026-02-23 09:45:51,899 - Knowledge - INFO - Worker kw14 processing /app/data/T0015/325511/b6423qn/entservices-deviceanddisplay-325511/SystemMode/CMakeLists.txt
2026-02-23 09:45:51,979 - Knowledge - INFO - Batch sizing: calculated=5, max_allowed=10, queue=177, active_workers=14/16
2026-02-23 09:45:52,061 - Knowledge - INFO - [kw16] Queue=172, InProgress=0, PendingWorkers=14/16, Completed=0/252 (0.0%)
2026-02-23 09:45:52,159 - Knowledge - INFO - knowledge worker kw17 start
2026-02-23 09:45:52,159 - Knowledge - INFO - Worker kw18 created using shared MongoDB connection pool
2026-02-23 09:45:52,354 - Knowledge - INFO - Worker kw7 processing /app/data/T0015/325511/b6423qn/entservices-deviceanddisplay-325511/DeviceInfo/DeviceVideoCapabilities.cpp
2026-02-23 09:45:52,446 - Knowledge - INFO - Worker kw8 processing /app/data/T0015/325511/b6423qn/entservices-deviceanddisplay-325511/DeviceInfo/DeviceInfoImplementation.cpp
2026-02-23 09:45:52,563 - Knowledge - INFO - Worker kw9 processing /app/data/T0015/325511/b6423qn/entservices-deviceanddisplay-325511/DisplayInfo/DisplayInfoTracing.h
2026-02-23 09:45:52,634 - Knowledge - INFO - Worker kw10 processing /app/data/T0015/325511/b6423qn/entservices-deviceanddisplay-325511/DisplayInfo/CMakeLists.txt
2026-02-23 09:45:52,723 - Knowledge - INFO - Worker kw11 processing /app/data/T0015/325511/b6423qn/entservices-deviceanddisplay-325511/DisplayInfo/DeviceSettings/SoC_abstraction.h
2026-02-23 09:45:52,831 - Knowledge - INFO - Worker kw12 processing /app/data/T0015/325511/b6423qn/entservices-deviceanddisplay-325511/DisplayInfo/DisplayInfo.cpp
2026-02-23 09:45:52,911 - Knowledge - INFO - Worker kw13 processing /app/data/T0015/325511/b6423qn/entservices-deviceanddisplay-325511/DisplayInfo/CHANGELOG.md
2026-02-23 09:45:52,990 - Knowledge - INFO - Fast-tracked /app/data/T0015/325511/b6423qn/entservices-deviceanddisplay-325511/SystemMode/CMakeLists.txt (ext=.txt, size=2721)
2026-02-23 09:45:53,112 - Knowledge - INFO - Worker kw15 processing /app/data/T0015/325511/b6423qn/entservices-deviceanddisplay-325511/CMakeLists.txt
2026-02-23 09:45:53,242 - Knowledge - INFO - Batch sizing: calculated=5, max_allowed=10, queue=172, active_workers=15/17
2026-02-23 09:45:53,326 - Knowledge - INFO - [kw17] Queue=167, InProgress=0, PendingWorkers=15/17, Completed=0/252 (0.0%)
2026-02-23 09:45:53,402 - Knowledge - INFO - knowledge worker kw18 start
2026-02-23 09:45:53,402 - Knowledge - INFO - Worker kw19 created using shared MongoDB connection pool
2026-02-23 09:45:53,559 - Knowledge - INFO - Fast-tracked /app/data/T0015/325511/b6423qn/entservices-deviceanddisplay-325511/DeviceInfo/DeviceInfo.h (small file (2908 bytes))
2026-02-23 09:45:53,679 - Knowledge - INFO - Worker kw9 processing /app/data/T0015/325511/b6423qn/entservices-deviceanddisplay-325511/DisplayInfo/Linux/DRMConnector.h
2026-02-23 09:45:53,798 - Knowledge - INFO - Fast-tracked /app/data/T0015/325511/b6423qn/entservices-deviceanddisplay-325511/DisplayInfo/CMakeLists.txt (ext=.txt, size=4935)
2026-02-23 09:45:53,881 - Knowledge - INFO - Fast-tracked /app/data/T0015/325511/b6423qn/entservices-deviceanddisplay-325511/DisplayInfo/DeviceSettings/SoC_abstraction.h (ext=.h, size=1350)
2026-02-23 09:45:54,001 - Knowledge - INFO - Worker kw12 processing /app/data/T0015/325511/b6423qn/entservices-deviceanddisplay-325511/DisplayInfo/RPI/PlatformImplementation.cpp
2026-02-23 09:45:54,096 - Knowledge - INFO - Fast-tracked /app/data/T0015/325511/b6423qn/entservices-deviceanddisplay-325511/DisplayInfo/CHANGELOG.md (ext=.md, size=1015)
2026-02-23 09:45:54,173 - Knowledge - INFO - Worker kw14 processing /app/data/T0015/325511/b6423qn/entservices-deviceanddisplay-325511/SystemMode/SystemModeImplementation.cpp
2026-02-23 09:45:54,269 - Knowledge - INFO - Fast-tracked /app/data/T0015/325511/b6423qn/entservices-deviceanddisplay-325511/CMakeLists.txt (ext=.txt, size=3128)
2026-02-23 09:45:54,337 - Knowledge - INFO - Worker kw16 processing /app/data/T0015/325511/b6423qn/entservices-deviceanddisplay-325511/cmake/FindDeepSleepHal.cmake
2026-02-23 09:45:54,404 - Knowledge - INFO - Batch sizing: calculated=5, max_allowed=10, queue=167, active_workers=16/18
2026-02-23 09:45:54,536 - Knowledge - INFO - [kw18] Queue=162, InProgress=0, PendingWorkers=16/18, Completed=0/252 (0.0%)
2026-02-23 09:45:54,637 - Knowledge - INFO - knowledge worker kw19 start
2026-02-23 09:45:54,638 - Knowledge - INFO - Worker kw20 created using shared MongoDB connection pool
2026-02-23 09:45:54,824 - Knowledge - INFO - Worker kw9 processing /app/data/T0015/325511/b6423qn/entservices-deviceanddisplay-325511/DisplayInfo/Linux/PlatformImplementation.cpp
2026-02-23 09:45:54,955 - Knowledge - INFO - Worker kw10 processing /app/data/T0015/325511/b6423qn/entservices-deviceanddisplay-325511/DisplayInfo/cmake/FindLibDRM.cmake
2026-02-23 09:45:55,021 - Knowledge - INFO - Worker kw11 processing /app/data/T0015/325511/b6423qn/entservices-deviceanddisplay-325511/DisplayInfo/DeviceSettings/PlatformImplementation.cpp
2026-02-23 09:45:55,218 - Knowledge - INFO - Worker kw13 processing /app/data/T0015/325511/b6423qn/entservices-deviceanddisplay-325511/SystemMode/SystemMode.h
2026-02-23 09:45:55,289 - Knowledge - INFO - Worker kw14 processing /app/data/T0015/325511/b6423qn/entservices-deviceanddisplay-325511/SystemMode/SystemMode.cpp
2026-02-23 09:45:55,395 - Knowledge - INFO - Worker kw15 processing /app/data/T0015/325511/b6423qn/entservices-deviceanddisplay-325511/cmake/FindDL.cmake
2026-02-23 09:45:55,542 - Knowledge - INFO - Fast-tracked /app/data/T0015/325511/b6423qn/entservices-deviceanddisplay-325511/cmake/FindDeepSleepHal.cmake (ext=.cmake, size=1774)
2026-02-23 09:45:55,663 - Knowledge - INFO - Worker kw17 processing /app/data/T0015/325511/b6423qn/entservices-deviceanddisplay-325511/cmake/FindLMPLAYER.cmake
2026-02-23 09:45:55,738 - Knowledge - INFO - Batch sizing: calculated=5, max_allowed=10, queue=162, active_workers=17/19
2026-02-23 09:45:55,831 - Knowledge - INFO - [kw19] Queue=157, InProgress=0, PendingWorkers=17/19, Completed=0/252 (0.0%)
2026-02-23 09:45:55,906 - Knowledge - INFO - knowledge worker kw20 start
2026-02-23 09:45:56,000 - Knowledge - INFO - Fast-tracked /app/data/T0015/325511/b6423qn/entservices-deviceanddisplay-325511/DisplayInfo/DisplayInfoTracing.h (small file (2181 bytes))
2026-02-23 09:45:56,076 - Knowledge - INFO - Worker kw10 processing /app/data/T0015/325511/b6423qn/entservices-deviceanddisplay-325511/DisplayInfo/cmake/FindGStreamer.cmake
2026-02-23 09:45:56,180 - Knowledge - INFO - Fast-tracked /app/data/T0015/325511/b6423qn/entservices-deviceanddisplay-325511/DisplayInfo/cmake/FindNEXUS.cmake (small file (2835 bytes))
2026-02-23 09:45:56,286 - Knowledge - INFO - Worker kw13 processing /app/data/T0015/325511/b6423qn/entservices-deviceanddisplay-325511/SystemMode/Module.h
2026-02-23 09:45:56,403 - Knowledge - INFO - Worker kw14 processing /app/data/T0015/325511/b6423qn/entservices-deviceanddisplay-325511/SystemMode/Module.cpp
2026-02-23 09:45:56,471 - Knowledge - INFO - Fast-tracked /app/data/T0015/325511/b6423qn/entservices-deviceanddisplay-325511/PowerManager/RebootController.h (small file (2709 bytes))
2026-02-23 09:45:56,503 - Knowledge - INFO - Fast-tracked /app/data/T0015/325511/b6423qn/entservices-deviceanddisplay-325511/cmake/FindDL.cmake (ext=.cmake, size=796)
2026-02-23 09:45:56,585 - Knowledge - INFO - Worker kw16 processing /app/data/T0015/325511/b6423qn/entservices-deviceanddisplay-325511/cmake/FindCTRLM.cmake
2026-02-23 09:45:56,662 - Knowledge - INFO - Fast-tracked /app/data/T0015/325511/b6423qn/entservices-deviceanddisplay-325511/cmake/FindLMPLAYER.cmake (ext=.cmake, size=1899)
2026-02-23 09:45:56,746 - Knowledge - INFO - Worker kw18 processing /app/data/T0015/325511/b6423qn/entservices-deviceanddisplay-325511/cmake/FindRDKStorageManager.cmake
2026-02-23 09:45:56,863 - Knowledge - INFO - Batch sizing: calculated=5, max_allowed=10, queue=157, active_workers=18/20
2026-02-23 09:45:56,954 - Knowledge - INFO - [kw20] Queue=152, InProgress=0, PendingWorkers=18/20, Completed=0/252 (0.0%)
2026-02-23 09:45:57,242 - Knowledge - INFO - Fast-tracked /app/data/T0015/325511/b6423qn/entservices-deviceanddisplay-325511/DisplayInfo/cmake/FindBCM_HOST.cmake (small file (2134 bytes))
2026-02-23 09:45:57,320 - Knowledge - INFO - Fast-tracked /app/data/T0015/325511/b6423qn/entservices-deviceanddisplay-325511/SystemMode/Module.h (ext=.h, size=872)
2026-02-23 09:45:57,392 - Knowledge - INFO - Fast-tracked /app/data/T0015/325511/b6423qn/entservices-deviceanddisplay-325511/SystemMode/Module.cpp (ext=.cpp, size=763)
2026-02-23 09:45:57,573 - Knowledge - INFO - Worker kw15 processing /app/data/T0015/325511/b6423qn/entservices-deviceanddisplay-325511/cmake/FindAC.cmake
2026-02-23 09:45:57,673 - Knowledge - INFO - Fast-tracked /app/data/T0015/325511/b6423qn/entservices-deviceanddisplay-325511/cmake/FindCTRLM.cmake (ext=.cmake, size=1245)
2026-02-23 09:45:57,770 - Knowledge - INFO - Worker kw17 processing /app/data/T0015/325511/b6423qn/entservices-deviceanddisplay-325511/cmake/FindCurl.cmake
2026-02-23 09:45:57,916 - Knowledge - INFO - Fast-tracked /app/data/T0015/325511/b6423qn/entservices-deviceanddisplay-325511/cmake/FindRDKStorageManager.cmake (ext=.cmake, size=983)
2026-02-23 09:45:58,021 - Knowledge - INFO - Worker kw19 processing /app/data/T0015/325511/b6423qn/entservices-deviceanddisplay-325511/cmake/FindIARMBus.cmake
2026-02-23 09:45:58,116 - Knowledge - INFO - Batch sizing: calculated=5, max_allowed=10, queue=152, active_workers=19/20
2026-02-23 09:45:58,267 - Knowledge - INFO - Worker kw13 processing /app/data/T0015/325511/b6423qn/entservices-deviceanddisplay-325511/SystemMode/SystemModeImplementation.h
2026-02-23 09:45:58,358 - Knowledge - INFO - Worker kw14 processing /app/data/T0015/325511/b6423qn/entservices-deviceanddisplay-325511/SystemMode/CHANGELOG.md
2026-02-23 09:45:58,454 - Knowledge - INFO - Fast-tracked /app/data/T0015/325511/b6423qn/entservices-deviceanddisplay-325511/cmake/FindAC.cmake (ext=.cmake, size=1567)
2026-02-23 09:45:58,544 - Knowledge - INFO - Worker kw16 processing /app/data/T0015/325511/b6423qn/entservices-deviceanddisplay-325511/cmake/FindPowerHal.cmake
2026-02-23 09:45:58,628 - Knowledge - INFO - Fast-tracked /app/data/T0015/325511/b6423qn/entservices-deviceanddisplay-325511/cmake/FindCurl.cmake (ext=.cmake, size=1002)
2026-02-23 09:45:58,736 - Knowledge - INFO - Worker kw18 processing /app/data/T0015/325511/b6423qn/entservices-deviceanddisplay-325511/cmake/FindMFR.cmake
2026-02-23 09:45:58,818 - Knowledge - INFO - Fast-tracked /app/data/T0015/325511/b6423qn/entservices-deviceanddisplay-325511/cmake/FindIARMBus.cmake (ext=.cmake, size=1860)
2026-02-23 09:45:58,916 - Knowledge - INFO - Worker kw20 processing /app/data/T0015/325511/b6423qn/entservices-deviceanddisplay-325511/cmake/FindDS.cmake
2026-02-23 09:45:59,000 - Knowledge - INFO - Fast-tracked /app/data/T0015/325511/b6423qn/entservices-deviceanddisplay-325511/SystemMode/SystemMode.h (small file (2257 bytes))
2026-02-23 09:45:59,063 - Knowledge - INFO - Fast-tracked /app/data/T0015/325511/b6423qn/entservices-deviceanddisplay-325511/SystemMode/CHANGELOG.md (ext=.md, size=1293)
2026-02-23 09:45:59,212 - Knowledge - INFO - Worker kw15 processing /app/data/T0015/325511/b6423qn/entservices-deviceanddisplay-325511/cmake/FindUdev.cmake
2026-02-23 09:45:59,314 - Knowledge - INFO - Fast-tracked /app/data/T0015/325511/b6423qn/entservices-deviceanddisplay-325511/cmake/FindPowerHal.cmake (ext=.cmake, size=1673)
2026-02-23 09:45:59,465 - Knowledge - INFO - Worker kw17 processing /app/data/T0015/325511/b6423qn/entservices-deviceanddisplay-325511/cmake/FindGLIB.cmake
2026-02-23 09:45:59,615 - Knowledge - INFO - Fast-tracked /app/data/T0015/325511/b6423qn/entservices-deviceanddisplay-325511/cmake/FindMFR.cmake (ext=.cmake, size=947)
2026-02-23 09:45:59,715 - Knowledge - INFO - Worker kw19 processing /app/data/T0015/325511/b6423qn/entservices-deviceanddisplay-325511/cmake/FindNEXUS.cmake
2026-02-23 09:45:59,836 - Knowledge - INFO - Fast-tracked /app/data/T0015/325511/b6423qn/entservices-deviceanddisplay-325511/cmake/FindDS.cmake (ext=.cmake, size=1842)
2026-02-23 09:45:59,938 - Knowledge - INFO - Fast-tracked /app/data/T0015/325511/b6423qn/entservices-deviceanddisplay-325511/SystemMode/SystemModeImplementation.h (small file (2890 bytes))
2026-02-23 09:46:00,122 - Knowledge - INFO - Fast-tracked /app/data/T0015/325511/b6423qn/entservices-deviceanddisplay-325511/cmake/FindUdev.cmake (ext=.cmake, size=769)
2026-02-23 09:46:00,218 - Knowledge - INFO - Worker kw16 processing /app/data/T0015/325511/b6423qn/entservices-deviceanddisplay-325511/cmake/FindSqlite.cmake
2026-02-23 09:46:00,326 - Knowledge - INFO - Worker kw17 processing /app/data/T0015/325511/b6423qn/entservices-deviceanddisplay-325511/cmake/FindLibSoup.cmake
2026-02-23 09:46:00,405 - Knowledge - INFO - Worker kw18 processing /app/data/T0015/325511/b6423qn/entservices-deviceanddisplay-325511/cmake/FindNXCLIENT.cmake
2026-02-23 09:46:00,477 - Knowledge - INFO - Worker kw19 processing /app/data/T0015/325511/b6423qn/entservices-deviceanddisplay-325511/cmake/FindTTS.cmake
2026-02-23 09:46:00,558 - Knowledge - INFO - Worker kw20 processing /app/data/T0015/325511/b6423qn/entservices-deviceanddisplay-325511/cmake/FindAamp.cmake
2026-02-23 09:46:00,713 - Knowledge - INFO - Processing batch of 5 files
2026-02-23 09:46:00,732 - Knowledge - INFO - Worker kw15 processing /app/data/T0015/325511/b6423qn/entservices-deviceanddisplay-325511/cmake/FindNopoll.cmake
2026-02-23 09:46:00,844 - Knowledge - INFO - Fast-tracked /app/data/T0015/325511/b6423qn/entservices-deviceanddisplay-325511/cmake/FindSqlite.cmake (ext=.cmake, size=771)
2026-02-23 09:46:00,943 - Knowledge - INFO - Fast-tracked /app/data/T0015/325511/b6423qn/entservices-deviceanddisplay-325511/cmake/FindLibSoup.cmake (ext=.cmake, size=1398)
2026-02-23 09:46:01,031 - Knowledge - INFO - Fast-tracked /app/data/T0015/325511/b6423qn/entservices-deviceanddisplay-325511/cmake/FindNXCLIENT.cmake (ext=.cmake, size=1813)
2026-02-23 09:46:01,112 - Knowledge - INFO - Fast-tracked /app/data/T0015/325511/b6423qn/entservices-deviceanddisplay-325511/cmake/FindTTS.cmake (ext=.cmake, size=1379)
2026-02-23 09:46:01,205 - Knowledge - INFO - Worker kw20 processing /app/data/T0015/325511/b6423qn/entservices-deviceanddisplay-325511/cmake/FindSqliteSee.cmake
2026-02-23 09:46:01,287 - Knowledge - INFO - process ingested knowledge for /app/data/T0015/325511/b6423qn/entservices-deviceanddisplay-325511/DisplayInfo/Module.cpp
2026-02-23 09:46:01,387 - Knowledge - INFO - Fast-tracked /app/data/T0015/325511/b6423qn/entservices-deviceanddisplay-325511/cmake/FindNopoll.cmake (ext=.cmake, size=1155)
2026-02-23 09:46:01,468 - Knowledge - INFO - Worker kw16 processing /app/data/T0015/325511/b6423qn/entservices-deviceanddisplay-325511/cmake/FindGStreamer.cmake
2026-02-23 09:46:01,568 - Knowledge - INFO - Worker kw17 processing /app/data/T0015/325511/b6423qn/entservices-deviceanddisplay-325511/cmake/FindGStreamerVideo.cmake
2026-02-23 09:46:01,644 - Knowledge - INFO - Worker kw18 processing /app/data/T0015/325511/b6423qn/entservices-deviceanddisplay-325511/cmake/Findjsoncpp.cmake
2026-02-23 09:46:01,740 - Knowledge - INFO - Worker kw19 processing /app/data/T0015/325511/b6423qn/entservices-deviceanddisplay-325511/cmake/FindCEC.cmake
2026-02-23 09:46:01,816 - Knowledge - INFO - Fast-tracked /app/data/T0015/325511/b6423qn/entservices-deviceanddisplay-325511/cmake/FindSqliteSee.cmake (ext=.cmake, size=774)
2026-02-23 09:46:01,905 - Knowledge - INFO - process ingested knowledge for /app/data/T0015/325511/b6423qn/entservices-deviceanddisplay-325511/DisplayInfo/CHANGELOG.md
2026-02-23 09:46:02,005 - Knowledge - INFO - Processing batch of 5 files
2026-02-23 09:46:02,164 - Knowledge - INFO - Fast-tracked /app/data/T0015/325511/b6423qn/entservices-deviceanddisplay-325511/cmake/FindGStreamer.cmake (small file (2703 bytes))
2026-02-23 09:46:02,396 - Knowledge - INFO - Fast-tracked /app/data/T0015/325511/b6423qn/entservices-deviceanddisplay-325511/cmake/Findjsoncpp.cmake (ext=.cmake, size=1853)
2026-02-23 09:46:02,497 - Knowledge - INFO - Fast-tracked /app/data/T0015/325511/b6423qn/entservices-deviceanddisplay-325511/cmake/FindCEC.cmake (ext=.cmake, size=1947)
2026-02-23 09:46:02,574 - Knowledge - INFO - Worker kw20 processing /app/data/T0015/325511/b6423qn/entservices-deviceanddisplay-325511/cmake/FindBCM_HOST.cmake
2026-02-23 09:46:02,617 - Knowledge - INFO - [LLM_CALL] Completed: DeepSleepImpl.h:chunk1, Duration: 11489ms, PromptTokens: 3978, CompletionTokens: 538, Cost: $0.00061
2026-02-23 09:46:02,698 - Knowledge - INFO - process ingested knowledge for /app/data/T0015/325511/b6423qn/entservices-deviceanddisplay-325511/SystemMode/SystemMode.h
2026-02-23 09:46:02,764 - Knowledge - INFO - process ingested knowledge for /app/data/T0015/325511/b6423qn/entservices-deviceanddisplay-325511/CMakeLists.txt
2026-02-23 09:46:02,908 - Knowledge - INFO - Worker kw18 processing /app/data/T0015/325511/b6423qn/entservices-deviceanddisplay-325511/cmake/FindPlabels.cmake
2026-02-23 09:46:02,992 - Knowledge - INFO - Worker kw19 processing /app/data/T0015/325511/b6423qn/entservices-deviceanddisplay-325511/cmake/FindRFC.cmake
2026-02-23 09:46:03,118 - Knowledge - INFO - Worker kw20 processing /app/data/T0015/325511/b6423qn/entservices-deviceanddisplay-325511/UserPreferences/Module.h
2026-02-23 09:46:03,195 - Knowledge - INFO - done ingest for /app/data/T0015/325511/b6423qn/entservices-deviceanddisplay-325511/PowerManager/hal/DeepSleepImpl.h
2026-02-23 09:46:03,196 - Knowledge - INFO - Processing batch of 5 files
2026-02-23 09:46:03,273 - Knowledge - INFO - process ingested knowledge for /app/data/T0015/325511/b6423qn/entservices-deviceanddisplay-325511/SystemMode/Module.h
2026-02-23 09:46:03,385 - Knowledge - INFO - process ingested knowledge for /app/data/T0015/325511/b6423qn/entservices-deviceanddisplay-325511/cmake/FindDL.cmake
2026-02-23 09:46:03,457 - Knowledge - INFO - Fast-tracked /app/data/T0015/325511/b6423qn/entservices-deviceanddisplay-325511/cmake/FindPlabels.cmake (ext=.cmake, size=1051)
2026-02-23 09:46:03,544 - Knowledge - INFO - Fast-tracked /app/data/T0015/325511/b6423qn/entservices-deviceanddisplay-325511/cmake/FindRFC.cmake (ext=.cmake, size=663)
2026-02-23 09:46:03,632 - Knowledge - INFO - Fast-tracked /app/data/T0015/325511/b6423qn/entservices-deviceanddisplay-325511/UserPreferences/Module.h (ext=.h, size=879)
2026-02-23 09:46:03,757 - Knowledge - INFO - Processing batch of 6 files
2026-02-23 09:46:03,790 - Knowledge - INFO - process ingested knowledge for /app/data/T0015/325511/b6423qn/entservices-deviceanddisplay-325511/cmake/FindDeepSleepHal.cmake
2026-02-23 09:46:03,882 - Knowledge - INFO - process ingested knowledge for /app/data/T0015/325511/b6423qn/entservices-deviceanddisplay-325511/SystemMode/SystemModeImplementation.h
2026-02-23 09:46:03,994 - Knowledge - INFO - process ingested knowledge for /app/data/T0015/325511/b6423qn/entservices-deviceanddisplay-325511/cmake/FindAC.cmake
2026-02-23 09:46:04,119 - Knowledge - INFO - Processing batch of 5 files
2026-02-23 09:46:04,232 - Knowledge - INFO - Fast-tracked /app/data/T0015/325511/b6423qn/entservices-deviceanddisplay-325511/cmake/FindNEXUS.cmake (small file (2835 bytes))
2026-02-23 09:46:04,265 - Knowledge - INFO - Fast-tracked /app/data/T0015/325511/b6423qn/entservices-deviceanddisplay-325511/DisplayInfo/DeviceSettings/RPI/kms.h (small file (3053 bytes))
2026-02-23 09:46:04,339 - Knowledge - INFO - Fast-tracked /app/data/T0015/325511/b6423qn/entservices-deviceanddisplay-325511/cmake/FindAamp.cmake (small file (2167 bytes))
2026-02-23 09:46:04,454 - Knowledge - INFO - process ingested knowledge for /app/data/T0015/325511/b6423qn/entservices-deviceanddisplay-325511/PowerManager/hal/DeepSleep.h
2026-02-23 09:46:04,574 - Knowledge - INFO - process ingested knowledge for /app/data/T0015/325511/b6423qn/entservices-deviceanddisplay-325511/cmake/FindCTRLM.cmake
2026-02-23 09:46:04,788 - Knowledge - INFO - process ingested knowledge for /app/data/T0015/325511/b6423qn/entservices-deviceanddisplay-325511/cmake/FindUdev.cmake
2026-02-23 09:46:04,837 - Knowledge - INFO - process ingested knowledge for /app/data/T0015/325511/b6423qn/entservices-deviceanddisplay-325511/cmake/FindRDKStorageManager.cmake
2026-02-23 09:46:04,970 - Knowledge - INFO - Processing batch of 5 files
2026-02-23 09:46:05,097 - Knowledge - INFO - Fast-tracked /app/data/T0015/325511/b6423qn/entservices-deviceanddisplay-325511/cmake/FindBCM_HOST.cmake (small file (2134 bytes))
2026-02-23 09:46:05,192 - Knowledge - INFO - [WEBSOCKET] Sent: Type=progress_update, Size: 286, Duration: 0ms
2026-02-23 09:46:05,206 - Knowledge - INFO - process ingested knowledge for /app/data/T0015/325511/b6423qn/entservices-deviceanddisplay-325511/PowerManager/hal/Power.h
2026-02-23 09:46:05,294 - Knowledge - INFO - process ingested knowledge for /app/data/T0015/325511/b6423qn/entservices-deviceanddisplay-325511/cmake/FindPowerHal.cmake
2026-02-23 09:46:05,378 - Knowledge - INFO - process ingested knowledge for /app/data/T0015/325511/b6423qn/entservices-deviceanddisplay-325511/cmake/FindNopoll.cmake
2026-02-23 09:46:05,461 - Knowledge - INFO - process ingested knowledge for /app/data/T0015/325511/b6423qn/entservices-deviceanddisplay-325511/cmake/FindMFR.cmake
2026-02-23 09:46:05,534 - Knowledge - INFO - process ingested knowledge for /app/data/T0015/325511/b6423qn/entservices-deviceanddisplay-325511/cmake/FindIARMBus.cmake
2026-02-23 09:46:05,753 - Knowledge - INFO - [WEBSOCKET] Sent: Type=unknown, Size: ?, Duration: 561ms
2026-02-23 09:46:05,831 - Knowledge - INFO - process ingested knowledge for /app/data/T0015/325511/b6423qn/entservices-deviceanddisplay-325511/PowerManager/hal/Thermal.h
2026-02-23 09:46:05,963 - Knowledge - INFO - process ingested knowledge for /app/data/T0015/325511/b6423qn/entservices-deviceanddisplay-325511/cmake/FindSqlite.cmake
2026-02-23 09:46:06,135 - Knowledge - INFO - process ingested knowledge for /app/data/T0015/325511/b6423qn/entservices-deviceanddisplay-325511/cmake/FindNXCLIENT.cmake
2026-02-23 09:46:06,211 - Knowledge - INFO - process ingested knowledge for /app/data/T0015/325511/b6423qn/entservices-deviceanddisplay-325511/cmake/FindNEXUS.cmake
2026-02-23 09:46:06,330 - Knowledge - INFO - Progress: 12.3% | Files: 36/252 | Rate: 1.04 files/sec | Queue: 142
2026-02-23 09:46:06,331 - Knowledge - INFO - Processing batch of 5 files
2026-02-23 09:46:06,419 - Knowledge - INFO - process ingested knowledge for /app/data/T0015/325511/b6423qn/entservices-deviceanddisplay-325511/PowerManager/hal/DeepSleepImpl.h
2026-02-23 09:46:06,513 - Knowledge - INFO - process ingested knowledge for /app/data/T0015/325511/b6423qn/entservices-deviceanddisplay-325511/cmake/FindGStreamer.cmake
2026-02-23 09:46:06,549 - Knowledge - INFO - [kw15] Queue=142, InProgress=0, PendingWorkers=20/20, Completed=36/252 (14.3%)
2026-02-23 09:46:06,569 - Knowledge - INFO - process ingested knowledge for /app/data/T0015/325511/b6423qn/entservices-deviceanddisplay-325511/cmake/Findjsoncpp.cmake
2026-02-23 09:46:06,658 - Knowledge - INFO - process ingested knowledge for /app/data/T0015/325511/b6423qn/entservices-deviceanddisplay-325511/cmake/FindTTS.cmake
2026-02-23 09:46:06,737 - Knowledge - INFO - [kw13] Queue=142, InProgress=0, PendingWorkers=20/20, Completed=36/252 (14.3%)
2026-02-23 09:46:06,822 - Knowledge - INFO - process ingested knowledge for /app/data/T0015/325511/b6423qn/entservices-deviceanddisplay-325511/cmake/FindDS.cmake
2026-02-23 09:46:06,967 - Knowledge - INFO - process ingested knowledge for /app/data/T0015/325511/b6423qn/entservices-deviceanddisplay-325511/PowerManager/RebootController.h
2026-02-23 09:46:07,158 - Knowledge - INFO - Batch sizing: calculated=5, max_allowed=10, queue=142, active_workers=20/20
2026-02-23 09:46:07,197 - Knowledge - INFO - Fast-tracked /app/data/T0015/325511/b6423qn/entservices-deviceanddisplay-325511/DisplayInfo/cmake/FindLibDRM.cmake (small file (2059 bytes))
2026-02-23 09:46:07,313 - Knowledge - INFO - process ingested knowledge for /app/data/T0015/325511/b6423qn/entservices-deviceanddisplay-325511/cmake/FindPlabels.cmake
2026-02-23 09:46:07,400 - Knowledge - INFO - process ingested knowledge for /app/data/T0015/325511/b6423qn/entservices-deviceanddisplay-325511/cmake/FindCEC.cmake
2026-02-23 09:46:07,440 - Knowledge - INFO - Batch sizing: calculated=5, max_allowed=10, queue=142, active_workers=20/20
2026-02-23 09:46:07,497 - Knowledge - INFO - [kw16] Queue=142, InProgress=0, PendingWorkers=20/20, Completed=36/252 (14.3%)
2026-02-23 09:46:07,530 - Knowledge - INFO - process ingested knowledge for /app/data/T0015/325511/b6423qn/entservices-deviceanddisplay-325511/cmake/FindAamp.cmake
2026-02-23 09:46:07,597 - Knowledge - INFO - process ingested knowledge for /app/data/T0015/325511/b6423qn/entservices-deviceanddisplay-325511/PowerManager/Module.cpp
2026-02-23 09:46:07,699 - Knowledge - INFO - Async storing batch of 5 embeddings
2026-02-23 09:46:07,789 - Knowledge - INFO - Fast-tracked /app/data/T0015/325511/b6423qn/entservices-deviceanddisplay-325511/DisplayInfo/cmake/FindGStreamer.cmake (small file (2703 bytes))
2026-02-23 09:46:07,972 - Knowledge - INFO - [LLM_CALL] Completed: cov_build.sh:chunk1, Duration: 22388ms, PromptTokens: 2662, CompletionTokens: 59, Cost: $0.00029
2026-02-23 09:46:08,100 - Knowledge - INFO - process ingested knowledge for /app/data/T0015/325511/b6423qn/entservices-deviceanddisplay-325511/cmake/FindRFC.cmake
2026-02-23 09:46:08,280 - Knowledge - INFO - Batch sizing: calculated=5, max_allowed=10, queue=142, active_workers=20/20
2026-02-23 09:46:08,366 - Knowledge - INFO - process ingested knowledge for /app/data/T0015/325511/b6423qn/entservices-deviceanddisplay-325511/cmake/FindSqliteSee.cmake
2026-02-23 09:46:08,599 - Knowledge - INFO - Worker kw15 processing /app/data/T0015/325511/b6423qn/entservices-deviceanddisplay-325511/UserPreferences/UserPreferences.cpp
2026-02-23 09:46:08,875 - Knowledge - INFO - done ingest for /app/data/T0015/325511/b6423qn/entservices-deviceanddisplay-325511/cov_build.sh
2026-02-23 09:46:08,875 - Knowledge - INFO - Async storing batch of 5 embeddings
2026-02-23 09:46:08,889 - Knowledge - INFO - [kw18] Queue=132, InProgress=0, PendingWorkers=20/20, Completed=36/252 (14.3%)
2026-02-23 09:46:09,126 - Knowledge - INFO - Async storing batch of 5 embeddings
2026-02-23 09:46:09,266 - Knowledge - INFO - process ingested knowledge for /app/data/T0015/325511/b6423qn/entservices-deviceanddisplay-325511/cmake/FindBCM_HOST.cmake
2026-02-23 09:46:09,292 - Knowledge - INFO - Worker kw15 processing /app/data/T0015/325511/b6423qn/entservices-deviceanddisplay-325511/UserPreferences/CMakeLists.txt
2026-02-23 09:46:09,459 - Knowledge - INFO - Worker kw13 processing /app/data/T0015/325511/b6423qn/entservices-deviceanddisplay-325511/UserPreferences/CHANGELOG.md
2026-02-23 09:46:09,487 - Knowledge - INFO - [kw4] Queue=127, InProgress=0, PendingWorkers=20/20, Completed=36/252 (14.3%)
2026-02-23 09:46:09,594 - Knowledge - INFO - Batch sizing: calculated=5, max_allowed=10, queue=132, active_workers=20/20
2026-02-23 09:46:09,613 - Knowledge - INFO - [kw19] Queue=127, InProgress=0, PendingWorkers=20/20, Completed=36/252 (14.3%)
2026-02-23 09:46:09,682 - Knowledge - INFO - Worker kw16 processing /app/data/T0015/325511/b6423qn/entservices-deviceanddisplay-325511/SystemServices/platformcaps/platformcaps.h
2026-02-23 09:46:09,800 - Knowledge - INFO - process ingested knowledge for /app/data/T0015/325511/b6423qn/entservices-deviceanddisplay-325511/UserPreferences/Module.h
2026-02-23 09:46:09,898 - Knowledge - INFO - Fast-tracked /app/data/T0015/325511/b6423qn/entservices-deviceanddisplay-325511/UserPreferences/CMakeLists.txt (ext=.txt, size=2145)
2026-02-23 09:46:09,969 - Knowledge - INFO - Fast-tracked /app/data/T0015/325511/b6423qn/entservices-deviceanddisplay-325511/UserPreferences/CHANGELOG.md (ext=.md, size=1015)
2026-02-23 09:46:10,048 - Knowledge - INFO - Batch sizing: calculated=5, max_allowed=10, queue=127, active_workers=20/20
2026-02-23 09:46:10,156 - Knowledge - INFO - Async storing batch of 5 embeddings
2026-02-23 09:46:10,298 - Knowledge - INFO - Batch sizing: calculated=5, max_allowed=10, queue=127, active_workers=20/20
2026-02-23 09:46:10,435 - Knowledge - INFO - Worker kw16 processing /app/data/T0015/325511/b6423qn/entservices-deviceanddisplay-325511/SystemServices/platformcaps/platformcaps.cpp
2026-02-23 09:46:10,599 - Knowledge - INFO - Worker kw15 processing /app/data/T0015/325511/b6423qn/entservices-deviceanddisplay-325511/UserPreferences/README.md
2026-02-23 09:46:10,687 - Knowledge - INFO - Worker kw13 processing /app/data/T0015/325511/b6423qn/entservices-deviceanddisplay-325511/SystemServices/uploadlogs.h
2026-02-23 09:46:10,784 - Knowledge - INFO - Async storing batch of 6 embeddings
2026-02-23 09:46:10,855 - Knowledge - INFO - Worker kw18 processing /app/data/T0015/325511/b6423qn/entservices-deviceanddisplay-325511/SystemServices/cTimer.h
2026-02-23 09:46:10,968 - Knowledge - INFO - Async storing batch of 5 embeddings
2026-02-23 09:46:11,000 - Knowledge - INFO - [kw20] Queue=112, InProgress=0, PendingWorkers=20/20, Completed=36/252 (14.3%)
2026-02-23 09:46:11,072 - Knowledge - INFO - Worker kw16 processing /app/data/T0015/325511/b6423qn/entservices-deviceanddisplay-325511/SystemServices/platformcaps/platformcapsdata.cpp
2026-02-23 09:46:11,189 - Knowledge - INFO - Fast-tracked /app/data/T0015/325511/b6423qn/entservices-deviceanddisplay-325511/UserPreferences/README.md (ext=.md, size=698)
2026-02-23 09:46:11,273 - Knowledge - INFO - Fast-tracked /app/data/T0015/325511/b6423qn/entservices-deviceanddisplay-325511/SystemServices/uploadlogs.h (ext=.h, size=1204)
2026-02-23 09:46:11,349 - Knowledge - INFO - Worker kw4 processing /app/data/T0015/325511/b6423qn/entservices-deviceanddisplay-325511/SystemServices/thermonitor.h
2026-02-23 09:46:11,468 - Knowledge - INFO - Fast-tracked /app/data/T0015/325511/b6423qn/entservices-deviceanddisplay-325511/SystemServices/cTimer.h (ext=.h, size=1817)
2026-02-23 09:46:11,616 - Knowledge - INFO - Worker kw19 processing /app/data/T0015/325511/b6423qn/entservices-deviceanddisplay-325511/SystemServices/SystemServicesHelper.h
2026-02-23 09:46:11,741 - Knowledge - INFO - Batch sizing: calculated=5, max_allowed=10, queue=112, active_workers=20/20
2026-02-23 09:46:11,834 - Knowledge - INFO - Worker kw16 processing /app/data/T0015/325511/b6423qn/entservices-deviceanddisplay-325511/SystemServices/thermonitor.cpp
2026-02-23 09:46:11,935 - Knowledge - INFO - Worker kw15 processing /app/data/T0015/325511/b6423qn/entservices-deviceanddisplay-325511/UserPreferences/Module.cpp
2026-02-23 09:46:12,039 - Knowledge - INFO - Worker kw13 processing /app/data/T0015/325511/b6423qn/entservices-deviceanddisplay-325511/SystemServices/Module.h
2026-02-23 09:46:12,179 - Knowledge - INFO - Worker kw4 processing /app/data/T0015/325511/b6423qn/entservices-deviceanddisplay-325511/SystemServices/cTimer.cpp
2026-02-23 09:46:12,347 - Knowledge - INFO - Worker kw18 processing /app/data/T0015/325511/b6423qn/entservices-deviceanddisplay-325511/SystemServices/SystemServices.cpp
2026-02-23 09:46:12,465 - Knowledge - INFO - Worker kw19 processing /app/data/T0015/325511/b6423qn/entservices-deviceanddisplay-325511/SystemServices/TestClient/Module.h
2026-02-23 09:46:12,545 - Knowledge - INFO - Async storing batch of 5 embeddings
2026-02-23 09:46:12,717 - Knowledge - INFO - Worker kw16 processing /app/data/T0015/325511/b6423qn/entservices-deviceanddisplay-325511/SystemServices/SystemServicesHelper.cpp
2026-02-23 09:46:12,833 - Knowledge - INFO - Fast-tracked /app/data/T0015/325511/b6423qn/entservices-deviceanddisplay-325511/UserPreferences/Module.cpp (ext=.cpp, size=765)
2026-02-23 09:46:12,927 - Knowledge - INFO - Fast-tracked /app/data/T0015/325511/b6423qn/entservices-deviceanddisplay-325511/SystemServices/Module.h (ext=.h, size=878)
2026-02-23 09:46:13,020 - Knowledge - INFO - Worker kw4 processing /app/data/T0015/325511/b6423qn/entservices-deviceanddisplay-325511/SystemServices/uploadlogs.cpp
2026-02-23 09:46:13,188 - Knowledge - INFO - Fast-tracked /app/data/T0015/325511/b6423qn/entservices-deviceanddisplay-325511/SystemServices/SystemServices.cpp (ext=.cpp, size=225393)
2026-02-23 09:46:13,207 - Knowledge - INFO - Fast-tracked /app/data/T0015/325511/b6423qn/entservices-deviceanddisplay-325511/cmake/FindGStreamerVideo.cmake (small file (2892 bytes))
2026-02-23 09:46:13,288 - Knowledge - INFO - Fast-tracked /app/data/T0015/325511/b6423qn/entservices-deviceanddisplay-325511/SystemServices/TestClient/Module.h (ext=.h, size=845)
2026-02-23 09:46:13,447 - Knowledge - INFO - Worker kw20 processing /app/data/T0015/325511/b6423qn/entservices-deviceanddisplay-325511/SystemServices/StateObserverHelper.h
2026-02-23 09:46:13,495 - Knowledge - INFO - Async storage completed for 5 embeddings
2026-02-23 09:46:13,567 - Knowledge - INFO - [LLM_CALL] Completed: RebootController.cpp:chunk1, Duration: 26186ms, PromptTokens: 3158, CompletionTokens: 500, Cost: $0.00052
2026-02-23 09:46:13,639 - Knowledge - INFO - Worker kw15 processing /app/data/T0015/325511/b6423qn/entservices-deviceanddisplay-325511/UserPreferences/UserPreferences.h
2026-02-23 09:46:13,736 - Knowledge - INFO - Worker kw13 processing /app/data/T0015/325511/b6423qn/entservices-deviceanddisplay-325511/SystemServices/platformcaps/platformcapsdata.h
2026-02-23 09:46:13,822 - Knowledge - INFO - Worker kw4 processing /app/data/T0015/325511/b6423qn/entservices-deviceanddisplay-325511/SystemServices/Module.cpp
2026-02-23 09:46:13,897 - Knowledge - INFO - Worker kw18 processing /app/data/T0015/325511/b6423qn/entservices-deviceanddisplay-325511/SystemServices/CMakeLists.txt
2026-02-23 09:46:14,104 - Knowledge - INFO - Worker kw19 processing /app/data/T0015/325511/b6423qn/entservices-deviceanddisplay-325511/SystemServices/TestClient/systemServiceTestClient.cpp
2026-02-23 09:46:14,228 - Knowledge - INFO - Worker kw20 processing /app/data/T0015/325511/b6423qn/entservices-deviceanddisplay-325511/README.md
2026-02-23 09:46:14,312 - Knowledge - INFO - Fast-tracked /app/data/T0015/325511/b6423qn/entservices-deviceanddisplay-325511/SystemServices/platformcaps/platformcaps.h (small file (2760 bytes))
2026-02-23 09:46:14,411 - Knowledge - INFO - done ingest for /app/data/T0015/325511/b6423qn/entservices-deviceanddisplay-325511/PowerManager/RebootController.cpp
2026-02-23 09:46:14,482 - Knowledge - INFO - Async storage completed for 5 embeddings
2026-02-23 09:46:14,565 - Knowledge - INFO - Worker kw13 processing /app/data/T0015/325511/b6423qn/entservices-deviceanddisplay-325511/SystemServices/platformcaps/platformcapsdatarpc.cpp
2026-02-23 09:46:14,662 - Knowledge - INFO - Fast-tracked /app/data/T0015/325511/b6423qn/entservices-deviceanddisplay-325511/SystemServices/Module.cpp (ext=.cpp, size=765)
2026-02-23 09:46:14,793 - Knowledge - INFO - Fast-tracked /app/data/T0015/325511/b6423qn/entservices-deviceanddisplay-325511/SystemServices/CMakeLists.txt (ext=.txt, size=4180)
2026-02-23 09:46:14,869 - Knowledge - INFO - Worker kw19 processing /app/data/T0015/325511/b6423qn/entservices-deviceanddisplay-325511/SystemServices/TestClient/CMakeLists.txt
2026-02-23 09:46:14,959 - Knowledge - INFO - Fast-tracked /app/data/T0015/325511/b6423qn/entservices-deviceanddisplay-325511/README.md (ext=.md, size=70)
2026-02-23 09:46:15,231 - Knowledge - INFO - [LLM_CALL] Completed: FindGLIB.cmake:chunk1, Duration: 12951ms, PromptTokens: 3680, CompletionTokens: 59, Cost: $0.00039
2026-02-23 09:46:15,501 - Knowledge - INFO - Async storage completed for 5 embeddings
2026-02-23 09:46:15,582 - Knowledge - INFO - Worker kw4 processing /app/data/T0015/325511/b6423qn/entservices-deviceanddisplay-325511/SystemServices/CHANGELOG.md
2026-02-23 09:46:15,736 - Knowledge - INFO - Worker kw18 processing /app/data/T0015/325511/b6423qn/entservices-deviceanddisplay-325511/SystemServices/cmake/FindIARMBus.cmake
2026-02-23 09:46:15,947 - Knowledge - INFO - Fast-tracked /app/data/T0015/325511/b6423qn/entservices-deviceanddisplay-325511/SystemServices/TestClient/CMakeLists.txt (ext=.txt, size=1501)
2026-02-23 09:46:16,032 - Knowledge - INFO - Worker kw20 processing /app/data/T0015/325511/b6423qn/entservices-deviceanddisplay-325511/helpers/UtilsIarm.h
2026-02-23 09:46:16,134 - Knowledge - INFO - done ingest for /app/data/T0015/325511/b6423qn/entservices-deviceanddisplay-325511/cmake/FindGLIB.cmake
2026-02-23 09:46:16,150 - Knowledge - INFO - [LLM_CALL] Completed: DisplayInfo.h:chunk1, Duration: 19031ms, PromptTokens: 2658, CompletionTokens: 475, Cost: $0.00046
2026-02-23 09:46:16,413 - Knowledge - INFO - Fast-tracked /app/data/T0015/325511/b6423qn/entservices-deviceanddisplay-325511/SystemServices/CHANGELOG.md (ext=.md, size=1015)
2026-02-23 09:46:16,594 - Knowledge - INFO - Fast-tracked /app/data/T0015/325511/b6423qn/entservices-deviceanddisplay-325511/SystemServices/cmake/FindIARMBus.cmake (ext=.cmake, size=1714)
2026-02-23 09:46:16,710 - Knowledge - INFO - Worker kw19 processing /app/data/T0015/325511/b6423qn/entservices-deviceanddisplay-325511/SystemServices/SystemServices.h
2026-02-23 09:46:16,896 - Knowledge - INFO - Worker kw20 processing /app/data/T0015/325511/b6423qn/entservices-deviceanddisplay-325511/helpers/UtilsLOG_MILESTONE.h
2026-02-23 09:46:17,161 - Knowledge - INFO - done ingest for /app/data/T0015/325511/b6423qn/entservices-deviceanddisplay-325511/DisplayInfo/DisplayInfo.h
2026-02-23 09:46:17,192 - Knowledge - INFO - Processing batch of 5 files
2026-02-23 09:46:17,416 - Knowledge - INFO - Fast-tracked /app/data/T0015/325511/b6423qn/entservices-deviceanddisplay-325511/SystemServices/thermonitor.h (small file (2003 bytes))
2026-02-23 09:46:17,496 - Knowledge - INFO - Worker kw18 processing /app/data/T0015/325511/b6423qn/entservices-deviceanddisplay-325511/SystemServices/cmake/FindDS.cmake
2026-02-23 09:46:17,590 - Knowledge - INFO - Async storage completed for 5 embeddings
2026-02-23 09:46:17,696 - Knowledge - INFO - Fast-tracked /app/data/T0015/325511/b6423qn/entservices-deviceanddisplay-325511/helpers/UtilsLOG_MILESTONE.h (ext=.h, size=810)
2026-02-23 09:46:17,906 - Knowledge - INFO - process ingested knowledge for /app/data/T0015/325511/b6423qn/entservices-deviceanddisplay-325511/cmake/FindLMPLAYER.cmake
2026-02-23 09:46:18,391 - Knowledge - INFO - Fast-tracked /app/data/T0015/325511/b6423qn/entservices-deviceanddisplay-325511/SystemServices/cTimer.cpp (small file (2214 bytes))
2026-02-23 09:46:18,497 - Knowledge - INFO - Processing batch of 6 files
2026-02-23 09:46:18,497 - Knowledge - INFO - Fast-tracked /app/data/T0015/325511/b6423qn/entservices-deviceanddisplay-325511/SystemServices/cmake/FindDS.cmake (ext=.cmake, size=1707)
2026-02-23 09:46:18,586 - Knowledge - INFO - [LLM_CALL] Completed: PowerManagerImplementation.h:chunk1, Duration: 28090ms, PromptTokens: 5388, CompletionTokens: 859, Cost: $0.00088
2026-02-23 09:46:18,743 - Knowledge - INFO - Worker kw20 processing /app/data/T0015/325511/b6423qn/entservices-deviceanddisplay-325511/helpers/UtilsgetRFCConfig.h
2026-02-23 09:46:18,855 - Knowledge - INFO - process ingested knowledge for /app/data/T0015/325511/b6423qn/entservices-deviceanddisplay-325511/cmake/FindCurl.cmake
2026-02-23 09:46:19,055 - Knowledge - INFO - process ingested knowledge for /app/data/T0015/325511/b6423qn/entservices-deviceanddisplay-325511/DisplayInfo/DisplayInfo.h
2026-02-23 09:46:19,150 - Knowledge - INFO - Async storage completed for 5 embeddings
2026-02-23 09:46:19,226 - Knowledge - INFO - done ingest for /app/data/T0015/325511/b6423qn/entservices-deviceanddisplay-325511/PowerManager/PowerManagerImplementation.h
2026-02-23 09:46:19,310 - Knowledge - INFO - Fast-tracked /app/data/T0015/325511/b6423qn/entservices-deviceanddisplay-325511/helpers/UtilsgetRFCConfig.h (ext=.h, size=1043)
2026-02-23 09:46:19,427 - Knowledge - INFO - process ingested knowledge for /app/data/T0015/325511/b6423qn/entservices-deviceanddisplay-325511/cmake/FindGLIB.cmake
2026-02-23 09:46:19,526 - Knowledge - INFO - process ingested knowledge for /app/data/T0015/325511/b6423qn/entservices-deviceanddisplay-325511/DisplayInfo/Module.h
2026-02-23 09:46:19,741 - Knowledge - INFO - Processing batch of 5 files
2026-02-23 09:46:19,935 - Knowledge - INFO - Async storage completed for 5 embeddings
2026-02-23 09:46:20,126 - Knowledge - INFO - process ingested knowledge for /app/data/T0015/325511/b6423qn/entservices-deviceanddisplay-325511/cmake/FindLibSoup.cmake
2026-02-23 09:46:20,264 - Knowledge - INFO - process ingested knowledge for /app/data/T0015/325511/b6423qn/entservices-deviceanddisplay-325511/DisplayInfo/DisplayInfoJsonRpc.cpp
2026-02-23 09:46:20,422 - Knowledge - INFO - process ingested knowledge for /app/data/T0015/325511/b6423qn/entservices-deviceanddisplay-325511/SystemServices/cTimer.h
2026-02-23 09:46:20,671 - Knowledge - INFO - process ingested knowledge for /app/data/T0015/325511/b6423qn/entservices-deviceanddisplay-325511/cmake/FindGStreamerVideo.cmake
2026-02-23 09:46:20,811 - Knowledge - INFO - process ingested knowledge for /app/data/T0015/325511/b6423qn/entservices-deviceanddisplay-325511/DisplayInfo/CMakeLists.txt
2026-02-23 09:46:20,910 - Knowledge - INFO - process ingested knowledge for /app/data/T0015/325511/b6423qn/entservices-deviceanddisplay-325511/SystemServices/SystemServices.cpp
2026-02-23 09:46:21,387 - Knowledge - INFO - process ingested knowledge for /app/data/T0015/325511/b6423qn/entservices-deviceanddisplay-325511/DisplayInfo/cmake/FindLibDRM.cmake
2026-02-23 09:46:21,393 - Knowledge - INFO - process ingested knowledge for /app/data/T0015/325511/b6423qn/entservices-deviceanddisplay-325511/SystemServices/CMakeLists.txt
2026-02-23 09:46:21,789 - Knowledge - INFO - [LLM_CALL] Completed: DeepSleepController.cpp:chunk1, Duration: 26150ms, PromptTokens: 8300, CompletionTokens: 913, Cost: $0.00120
2026-02-23 09:46:21,824 - Knowledge - INFO - process ingested knowledge for /app/data/T0015/325511/b6423qn/entservices-deviceanddisplay-325511/DisplayInfo/cmake/FindGStreamer.cmake
2026-02-23 09:46:21,849 - Knowledge - INFO - process ingested knowledge for /app/data/T0015/325511/b6423qn/entservices-deviceanddisplay-325511/SystemServices/cmake/FindIARMBus.cmake
2026-02-23 09:46:22,036 - Knowledge - INFO - done ingest for /app/data/T0015/325511/b6423qn/entservices-deviceanddisplay-325511/PowerManager/DeepSleepController.cpp
2026-02-23 09:46:23,399 - Knowledge - INFO - process ingested knowledge for /app/data/T0015/325511/b6423qn/entservices-deviceanddisplay-325511/SystemServices/cmake/FindDS.cmake
2026-02-23 09:46:24,646 - Knowledge - INFO - [WEBSOCKET] Sent: Type=progress_update, Size: 288, Duration: 0ms
2026-02-23 09:46:24,838 - Knowledge - INFO - [WEBSOCKET] Sent: Type=unknown, Size: ?, Duration: 192ms
2026-02-23 09:46:25,065 - Knowledge - INFO - Progress: 21.8% | Files: 55/252 | Rate: 1.03 files/sec | Queue: 107
2026-02-23 09:46:25,339 - Knowledge - INFO - [LLM_CALL] Completed: PowerManager.h:chunk1, Duration: 23399ms, PromptTokens: 3722, CompletionTokens: 648, Cost: $0.00063
2026-02-23 09:46:25,369 - Knowledge - INFO - [kw17] Queue=107, InProgress=0, PendingWorkers=20/20, Completed=57/252 (22.6%)
2026-02-23 09:46:25,551 - Knowledge - INFO - done ingest for /app/data/T0015/325511/b6423qn/entservices-deviceanddisplay-325511/PowerManager/PowerManager.h
2026-02-23 09:46:25,661 - Knowledge - INFO - Batch sizing: calculated=5, max_allowed=10, queue=107, active_workers=20/20
2026-02-23 09:46:26,412 - Knowledge - INFO - Processing batch of 6 files
2026-02-23 09:46:26,597 - Knowledge - INFO - Async storing batch of 5 embeddings
2026-02-23 09:46:26,609 - Knowledge - INFO - [kw10] Queue=102, InProgress=0, PendingWorkers=20/20, Completed=58/252 (23.0%)
2026-02-23 09:46:26,696 - Knowledge - INFO - process ingested knowledge for /app/data/T0015/325511/b6423qn/entservices-deviceanddisplay-325511/cov_build.sh
2026-02-23 09:46:26,869 - Knowledge - INFO - Worker kw17 processing /app/data/T0015/325511/b6423qn/entservices-deviceanddisplay-325511/helpers/UtilsThreadRAII.h
2026-02-23 09:46:26,969 - Knowledge - INFO - Batch sizing: calculated=5, max_allowed=10, queue=102, active_workers=20/20
2026-02-23 09:46:27,198 - Knowledge - INFO - process ingested knowledge for /app/data/T0015/325511/b6423qn/entservices-deviceanddisplay-325511/PowerManager/RebootController.cpp
2026-02-23 09:46:27,288 - Knowledge - INFO - [kw18] Queue=102, InProgress=0, PendingWorkers=20/20, Completed=58/252 (23.0%)
2026-02-23 09:46:27,462 - Knowledge - INFO - Fast-tracked /app/data/T0015/325511/b6423qn/entservices-deviceanddisplay-325511/helpers/UtilsThreadRAII.h (ext=.h, size=1417)
2026-02-23 09:46:27,522 - Knowledge - INFO - Async storing batch of 6 embeddings
2026-02-23 09:46:27,715 - Knowledge - INFO - process ingested knowledge for /app/data/T0015/325511/b6423qn/entservices-deviceanddisplay-325511/PowerManager/PowerUtils.h
2026-02-23 09:46:27,910 - Knowledge - INFO - Batch sizing: calculated=5, max_allowed=10, queue=102, active_workers=20/20
2026-02-23 09:46:28,044 - Knowledge - INFO - Worker kw17 processing /app/data/T0015/325511/b6423qn/entservices-deviceanddisplay-325511/helpers/UtilsTelemetry.h
2026-02-23 09:46:28,171 - Knowledge - INFO - Worker kw10 processing /app/data/T0015/325511/b6423qn/entservices-deviceanddisplay-325511/helpers/WebSockets/PingPong/PingPongEnabled.h
2026-02-23 09:46:28,289 - Knowledge - INFO - process ingested knowledge for /app/data/T0015/325511/b6423qn/entservices-deviceanddisplay-325511/PowerManager/PowerManagerImplementation.h
2026-02-23 09:46:28,413 - Knowledge - INFO - Async storing batch of 5 embeddings
2026-02-23 09:46:28,929 - Knowledge - INFO - Fast-tracked /app/data/T0015/325511/b6423qn/entservices-deviceanddisplay-325511/helpers/UtilsTelemetry.h (ext=.h, size=1892)
2026-02-23 09:46:29,055 - Knowledge - INFO - Worker kw10 processing /app/data/T0015/325511/b6423qn/entservices-deviceanddisplay-325511/helpers/WebSockets/WSEndpoint.h
2026-02-23 09:46:29,135 - Knowledge - INFO - process ingested knowledge for /app/data/T0015/325511/b6423qn/entservices-deviceanddisplay-325511/PowerManager/Module.h
2026-02-23 09:46:29,361 - Knowledge - INFO - Worker kw18 processing /app/data/T0015/325511/b6423qn/entservices-deviceanddisplay-325511/helpers/WebSockets/Encryption/TlsEnabled.h
2026-02-23 09:46:29,467 - Knowledge - INFO - Worker kw17 processing /app/data/T0015/325511/b6423qn/entservices-deviceanddisplay-325511/helpers/UtilsgetFileContent.h
2026-02-23 09:46:29,768 - Knowledge - INFO - Worker kw10 processing /app/data/T0015/325511/b6423qn/entservices-deviceanddisplay-325511/helpers/WebSockets/Roles/SingleClientServer.h
2026-02-23 09:46:29,906 - Knowledge - INFO - process ingested knowledge for /app/data/T0015/325511/b6423qn/entservices-deviceanddisplay-325511/PowerManager/DeepSleepController.cpp
2026-02-23 09:46:30,006 - Knowledge - INFO - Worker kw18 processing /app/data/T0015/325511/b6423qn/entservices-deviceanddisplay-325511/helpers/WebSockets/Encryption/NoEncryption.h
2026-02-23 09:46:30,117 - Knowledge - INFO - Worker kw17 processing /app/data/T0015/325511/b6423qn/entservices-deviceanddisplay-325511/helpers/WebSockets/WSEndpoint.cpp
2026-02-23 09:46:30,283 - Knowledge - INFO - Worker kw10 processing /app/data/T0015/325511/b6423qn/entservices-deviceanddisplay-325511/helpers/WebSockets/Roles/Client.h
2026-02-23 09:46:30,627 - Knowledge - INFO - Fast-tracked /app/data/T0015/325511/b6423qn/entservices-deviceanddisplay-325511/helpers/WebSockets/Encryption/NoEncryption.h (ext=.h, size=1649)
2026-02-23 09:46:30,759 - Knowledge - INFO - Worker kw17 processing /app/data/T0015/325511/b6423qn/entservices-deviceanddisplay-325511/helpers/WebSockets/PingPong/PingPongDisabled.h
2026-02-23 09:46:31,011 - Knowledge - INFO - Worker kw10 processing /app/data/T0015/325511/b6423qn/entservices-deviceanddisplay-325511/helpers/WebSockets/ConnectionInitializationResult.h
2026-02-23 09:46:31,236 - Knowledge - INFO - Worker kw18 processing /app/data/T0015/325511/b6423qn/entservices-deviceanddisplay-325511/helpers/WebSockets/CommunicationInterface/BinaryInterface.h
2026-02-23 09:46:31,320 - Knowledge - INFO - [LLM_CALL] Completed: ThermalController.cpp:chunk1, Duration: 37824ms, PromptTokens: 11528, CompletionTokens: 946, Cost: $0.00153
2026-02-23 09:46:31,572 - Knowledge - INFO - Fast-tracked /app/data/T0015/325511/b6423qn/entservices-deviceanddisplay-325511/helpers/WebSockets/PingPong/PingPongDisabled.h (ext=.h, size=1228)
2026-02-23 09:46:31,667 - Knowledge - INFO - Fast-tracked /app/data/T0015/325511/b6423qn/entservices-deviceanddisplay-325511/helpers/WebSockets/ConnectionInitializationResult.h (ext=.h, size=1319)
2026-02-23 09:46:31,762 - Knowledge - INFO - Fast-tracked /app/data/T0015/325511/b6423qn/entservices-deviceanddisplay-325511/helpers/WebSockets/CommunicationInterface/BinaryInterface.h (ext=.h, size=1699)
2026-02-23 09:46:31,940 - Knowledge - INFO - done ingest for /app/data/T0015/325511/b6423qn/entservices-deviceanddisplay-325511/PowerManager/ThermalController.cpp
2026-02-23 09:46:32,326 - Knowledge - INFO - Worker kw18 processing /app/data/T0015/325511/b6423qn/entservices-deviceanddisplay-325511/helpers/WebSockets/CommunicationInterface/JsonRpcInterface.h
2026-02-23 09:46:32,677 - Knowledge - INFO - Worker kw18 processing /app/data/T0015/325511/b6423qn/entservices-deviceanddisplay-325511/helpers/WebSockets/CommunicationInterface/CommandInterface.h
2026-02-23 09:46:33,132 - Knowledge - INFO - [LLM_CALL] Completed: DRMConnector.h:chunk1, Duration: 36091ms, PromptTokens: 2648, CompletionTokens: 556, Cost: $0.00049
2026-02-23 09:46:33,402 - Knowledge - INFO - done ingest for /app/data/T0015/325511/b6423qn/entservices-deviceanddisplay-325511/DisplayInfo/Linux/DRMConnector.h
2026-02-23 09:46:33,423 - Knowledge - INFO - [LLM_CALL] Completed: Settings.cpp:chunk1, Duration: 44153ms, PromptTokens: 5092, CompletionTokens: 456, Cost: $0.00069
2026-02-23 09:46:33,754 - Knowledge - INFO - done ingest for /app/data/T0015/325511/b6423qn/entservices-deviceanddisplay-325511/PowerManager/Settings.cpp
2026-02-23 09:46:34,571 - Knowledge - INFO - [kw1] Queue=92, InProgress=0, PendingWorkers=20/20, Completed=58/252 (23.0%)
2026-02-23 09:46:34,862 - Knowledge - INFO - Batch sizing: calculated=4, max_allowed=10, queue=92, active_workers=20/20
2026-02-23 09:46:35,202 - Knowledge - INFO - Async storing batch of 6 embeddings
2026-02-23 09:46:35,536 - Knowledge - INFO - Worker kw1 processing /app/data/T0015/325511/b6423qn/entservices-deviceanddisplay-325511/helpers/WebSockets/JsonRpc/Response.cpp
2026-02-23 09:46:35,571 - Knowledge - INFO - [LLM_CALL] Completed: SystemMode.cpp:chunk1, Duration: 25017ms, PromptTokens: 2682, CompletionTokens: 673, Cost: $0.00054
2026-02-23 09:46:35,789 - Knowledge - INFO - Worker kw1 processing /app/data/T0015/325511/b6423qn/entservices-deviceanddisplay-325511/helpers/WebSockets/JsonRpc/Notification.cpp
2026-02-23 09:46:35,890 - Knowledge - INFO - done ingest for /app/data/T0015/325511/b6423qn/entservices-deviceanddisplay-325511/SystemMode/SystemMode.cpp
2026-02-23 09:46:36,341 - Knowledge - INFO - Fast-tracked /app/data/T0015/325511/b6423qn/entservices-deviceanddisplay-325511/helpers/WebSockets/JsonRpc/Notification.cpp (ext=.cpp, size=1518)
2026-02-23 09:46:36,646 - Knowledge - INFO - Worker kw1 processing /app/data/T0015/325511/b6423qn/entservices-deviceanddisplay-325511/helpers/WebSockets/JsonRpc/Request.cpp
2026-02-23 09:46:36,979 - Knowledge - INFO - Fast-tracked /app/data/T0015/325511/b6423qn/entservices-deviceanddisplay-325511/helpers/WebSockets/JsonRpc/Request.cpp (ext=.cpp, size=1781)
2026-02-23 09:46:37,031 - Knowledge - INFO - [LLM_CALL] Completed: PowerController.cpp:chunk1, Duration: 50380ms, PromptTokens: 4908, CompletionTokens: 750, Cost: $0.00079
2026-02-23 09:46:37,111 - Knowledge - INFO - Fast-tracked /app/data/T0015/325511/b6423qn/entservices-deviceanddisplay-325511/helpers/UtilsIarm.h (small file (2992 bytes))
2026-02-23 09:46:37,250 - Knowledge - INFO - Worker kw1 processing /app/data/T0015/325511/b6423qn/entservices-deviceanddisplay-325511/helpers/WebSockets/JsonRpc/Response.h
2026-02-23 09:46:37,398 - Knowledge - INFO - Async storage completed for 6 embeddings
2026-02-23 09:46:37,398 - Knowledge - INFO - done ingest for /app/data/T0015/325511/b6423qn/entservices-deviceanddisplay-325511/PowerManager/PowerController.cpp
2026-02-23 09:46:37,444 - Knowledge - INFO - [LLM_CALL] Completed: SystemModeImplementation.cpp:chunk1, Duration: 37408ms, PromptTokens: 6192, CompletionTokens: 416, Cost: $0.00079
2026-02-23 09:46:37,744 - Knowledge - INFO - Fast-tracked /app/data/T0015/325511/b6423qn/entservices-deviceanddisplay-325511/helpers/WebSockets/JsonRpc/Response.h (ext=.h, size=1276)
2026-02-23 09:46:38,312 - Knowledge - INFO - done ingest for /app/data/T0015/325511/b6423qn/entservices-deviceanddisplay-325511/SystemMode/SystemModeImplementation.cpp
2026-02-23 09:46:38,453 - Knowledge - INFO - Fast-tracked /app/data/T0015/325511/b6423qn/entservices-deviceanddisplay-325511/helpers/WebSockets/JsonRpc/Response.cpp (small file (2421 bytes))
2026-02-23 09:46:38,776 - Knowledge - INFO - Async storage completed for 6 embeddings
2026-02-23 09:46:38,969 - Knowledge - INFO - Processing batch of 6 files
2026-02-23 09:46:39,185 - Knowledge - INFO - process ingested knowledge for /app/data/T0015/325511/b6423qn/entservices-deviceanddisplay-325511/PowerManager/PowerController.cpp
2026-02-23 09:46:39,225 - Knowledge - INFO - Processing batch of 5 files
2026-02-23 09:46:39,444 - Knowledge - INFO - process ingested knowledge for /app/data/T0015/325511/b6423qn/entservices-deviceanddisplay-325511/PowerManager/LambdaJob.h
2026-02-23 09:46:39,650 - Knowledge - INFO - process ingested knowledge for /app/data/T0015/325511/b6423qn/entservices-deviceanddisplay-325511/SystemMode/CMakeLists.txt
2026-02-23 09:46:39,739 - Knowledge - INFO - process ingested knowledge for /app/data/T0015/325511/b6423qn/entservices-deviceanddisplay-325511/PowerManager/Settings.cpp
2026-02-23 09:46:39,782 - Knowledge - INFO - Processing batch of 4 files
2026-02-23 09:46:39,880 - Knowledge - INFO - process ingested knowledge for /app/data/T0015/325511/b6423qn/entservices-deviceanddisplay-325511/SystemMode/SystemModeImplementation.cpp
2026-02-23 09:46:40,411 - Knowledge - INFO - process ingested knowledge for /app/data/T0015/325511/b6423qn/entservices-deviceanddisplay-325511/PowerManager/ThermalController.cpp
2026-02-23 09:46:40,633 - Knowledge - INFO - process ingested knowledge for /app/data/T0015/325511/b6423qn/entservices-deviceanddisplay-325511/helpers/WebSockets/JsonRpc/Response.cpp
2026-02-23 09:46:40,759 - Knowledge - INFO - process ingested knowledge for /app/data/T0015/325511/b6423qn/entservices-deviceanddisplay-325511/SystemMode/SystemMode.cpp
2026-02-23 09:46:40,841 - Knowledge - INFO - [LLM_CALL] Completed: DeviceDiagnostics.cpp:chunk1, Duration: 31847ms, PromptTokens: 3048, CompletionTokens: 573, Cost: $0.00053
2026-02-23 09:46:40,865 - Knowledge - INFO - process ingested knowledge for /app/data/T0015/325511/b6423qn/entservices-deviceanddisplay-325511/PowerManager/CMakeLists.txt
2026-02-23 09:46:41,014 - Knowledge - INFO - process ingested knowledge for /app/data/T0015/325511/b6423qn/entservices-deviceanddisplay-325511/helpers/WebSockets/JsonRpc/Notification.cpp
2026-02-23 09:46:41,172 - Knowledge - INFO - process ingested knowledge for /app/data/T0015/325511/b6423qn/entservices-deviceanddisplay-325511/SystemMode/Module.cpp
2026-02-23 09:46:41,283 - Knowledge - INFO - done ingest for /app/data/T0015/325511/b6423qn/entservices-deviceanddisplay-325511/DeviceDiagnostics/DeviceDiagnostics.cpp
2026-02-23 09:46:41,285 - Knowledge - INFO - [LLM_CALL] Completed: PlatformImplementation.cpp:chunk1, Duration: 10657ms, PromptTokens: 12504, CompletionTokens: 1149, Cost: $0.00171
2026-02-23 09:46:41,438 - Knowledge - INFO - process ingested knowledge for /app/data/T0015/325511/b6423qn/entservices-deviceanddisplay-325511/PowerManager/PowerManager.h
2026-02-23 09:46:41,656 - Knowledge - INFO - process ingested knowledge for /app/data/T0015/325511/b6423qn/entservices-deviceanddisplay-325511/helpers/WebSockets/JsonRpc/Request.cpp
2026-02-23 09:46:41,748 - Knowledge - INFO - process ingested knowledge for /app/data/T0015/325511/b6423qn/entservices-deviceanddisplay-325511/SystemMode/CHANGELOG.md
2026-02-23 09:46:42,179 - Knowledge - INFO - done ingest for /app/data/T0015/325511/b6423qn/entservices-deviceanddisplay-325511/DisplayInfo/Linux/PlatformImplementation.cpp
2026-02-23 09:46:42,181 - Knowledge - INFO - [LLM_CALL] Completed: DeviceDiagnostics.h:chunk1, Duration: 43793ms, PromptTokens: 2212, CompletionTokens: 441, Cost: $0.00040
2026-02-23 09:46:42,611 - Knowledge - INFO - process ingested knowledge for /app/data/T0015/325511/b6423qn/entservices-deviceanddisplay-325511/helpers/WebSockets/JsonRpc/Response.h
2026-02-23 09:46:42,900 - Knowledge - INFO - done ingest for /app/data/T0015/325511/b6423qn/entservices-deviceanddisplay-325511/DeviceDiagnostics/DeviceDiagnostics.h
2026-02-23 09:46:45,945 - Knowledge - INFO - [LLM_CALL] Completed: StateObserverHelper.h:chunk1, Duration: 25245ms, PromptTokens: 2194, CompletionTokens: 387, Cost: $0.00037
2026-02-23 09:46:46,211 - Knowledge - INFO - done ingest for /app/data/T0015/325511/b6423qn/entservices-deviceanddisplay-325511/SystemServices/StateObserverHelper.h
2026-02-23 09:46:46,669 - Knowledge - INFO - [LLM_CALL] Completed: DeviceVideoCapabilities.cpp:chunk1, Duration: 35431ms, PromptTokens: 4406, CompletionTokens: 679, Cost: $0.00071
2026-02-23 09:46:46,920 - Knowledge - INFO - done ingest for /app/data/T0015/325511/b6423qn/entservices-deviceanddisplay-325511/DeviceInfo/DeviceVideoCapabilities.cpp
2026-02-23 09:46:46,962 - Knowledge - INFO - [LLM_CALL] Completed: uploadlogs.cpp:chunk1, Duration: 27735ms, PromptTokens: 3178, CompletionTokens: 501, Cost: $0.00052
2026-02-23 09:46:47,422 - Knowledge - INFO - done ingest for /app/data/T0015/325511/b6423qn/entservices-deviceanddisplay-325511/SystemServices/uploadlogs.cpp
2026-02-23 09:46:47,548 - Knowledge - INFO - [LLM_CALL] Completed: DeviceDiagnosticsImplementation.h:chunk1, Duration: 55285ms, PromptTokens: 2856, CompletionTokens: 596, Cost: $0.00052
2026-02-23 09:46:47,774 - Knowledge - INFO - done ingest for /app/data/T0015/325511/b6423qn/entservices-deviceanddisplay-325511/DeviceDiagnostics/DeviceDiagnosticsImplementation.h
2026-02-23 09:46:47,976 - Knowledge - INFO - Fast-tracked /app/data/T0015/325511/b6423qn/entservices-deviceanddisplay-325511/helpers/WebSockets/WSEndpoint.h (small file (2873 bytes))
2026-02-23 09:46:49,215 - Knowledge - INFO - [LLM_CALL] Completed: DeviceDiagnosticsImplementation.cpp:chunk1, Duration: 55723ms, PromptTokens: 6756, CompletionTokens: 674, Cost: $0.00095
2026-02-23 09:46:49,454 - Knowledge - INFO - done ingest for /app/data/T0015/325511/b6423qn/entservices-deviceanddisplay-325511/DeviceDiagnostics/DeviceDiagnosticsImplementation.cpp
2026-02-23 09:46:49,760 - Knowledge - INFO - [WEBSOCKET] Sent: Type=progress_update, Size: 291, Duration: 0ms
2026-02-23 09:46:49,772 - Knowledge - INFO - [kw1] Queue=88, InProgress=0, PendingWorkers=20/20, Completed=85/252 (33.7%)
2026-02-23 09:46:50,239 - Knowledge - INFO - Batch sizing: calculated=4, max_allowed=10, queue=88, active_workers=20/20
2026-02-23 09:46:50,255 - Knowledge - INFO - [WEBSOCKET] Sent: Type=unknown, Size: ?, Duration: 495ms
2026-02-23 09:46:50,807 - Knowledge - INFO - Progress: 33.7% | Files: 89/252 | Rate: 1.13 files/sec | Queue: 84
2026-02-23 09:46:50,891 - Knowledge - INFO - [kw2] Queue=84, InProgress=0, PendingWorkers=20/20, Completed=89/252 (35.3%)
2026-02-23 09:46:50,946 - Knowledge - INFO - Processing batch of 6 files
2026-02-23 09:46:50,967 - Knowledge - INFO - Async storing batch of 4 embeddings
2026-02-23 09:46:51,161 - Knowledge - INFO - [kw14] Queue=84, InProgress=0, PendingWorkers=20/20, Completed=91/252 (36.1%)
2026-02-23 09:46:51,290 - Knowledge - INFO - Batch sizing: calculated=4, max_allowed=10, queue=84, active_workers=20/20
2026-02-23 09:46:51,369 - Knowledge - INFO - Processing batch of 5 files
2026-02-23 09:46:51,406 - Knowledge - INFO - Processing batch of 5 files
2026-02-23 09:46:51,428 - Knowledge - INFO - Processing batch of 6 files
2026-02-23 09:46:51,503 - Knowledge - INFO - process ingested knowledge for /app/data/T0015/325511/b6423qn/entservices-deviceanddisplay-325511/DeviceInfo/Module.cpp
2026-02-23 09:46:51,904 - Knowledge - INFO - Worker kw1 processing /app/data/T0015/325511/b6423qn/entservices-deviceanddisplay-325511/helpers/WebSockets/JsonRpc/Notification.h
2026-02-23 09:46:51,965 - Knowledge - INFO - Batch sizing: calculated=4, max_allowed=10, queue=84, active_workers=20/20
2026-02-23 09:46:52,164 - Knowledge - INFO - Async storing batch of 6 embeddings
2026-02-23 09:46:52,248 - Knowledge - INFO - process ingested knowledge for /app/data/T0015/325511/b6423qn/entservices-deviceanddisplay-325511/SystemServices/StateObserverHelper.h
2026-02-23 09:46:52,381 - Knowledge - INFO - process ingested knowledge for /app/data/T0015/325511/b6423qn/entservices-deviceanddisplay-325511/SystemServices/thermonitor.h
2026-02-23 09:46:52,480 - Knowledge - INFO - process ingested knowledge for /app/data/T0015/325511/b6423qn/entservices-deviceanddisplay-325511/DeviceDiagnostics/DeviceDiagnosticsImplementation.h
2026-02-23 09:46:52,618 - Knowledge - INFO - process ingested knowledge for /app/data/T0015/325511/b6423qn/entservices-deviceanddisplay-325511/DeviceInfo/DeviceVideoCapabilities.h
2026-02-23 09:46:52,880 - Knowledge - INFO - Fast-tracked /app/data/T0015/325511/b6423qn/entservices-deviceanddisplay-325511/helpers/WebSockets/JsonRpc/Notification.h (ext=.h, size=1157)
2026-02-23 09:46:53,024 - Knowledge - INFO - Async storing batch of 5 embeddings
2026-02-23 09:46:53,238 - Knowledge - INFO - Worker kw2 processing /app/data/T0015/325511/b6423qn/entservices-deviceanddisplay-325511/helpers/UtilsBIT.h
2026-02-23 09:46:53,534 - Knowledge - INFO - process ingested knowledge for /app/data/T0015/325511/b6423qn/entservices-deviceanddisplay-325511/README.md
2026-02-23 09:46:53,901 - Knowledge - INFO - process ingested knowledge for /app/data/T0015/325511/b6423qn/entservices-deviceanddisplay-325511/SystemServices/cTimer.cpp
2026-02-23 09:46:54,108 - Knowledge - INFO - process ingested knowledge for /app/data/T0015/325511/b6423qn/entservices-deviceanddisplay-325511/DeviceDiagnostics/Module.h
2026-02-23 09:46:54,296 - Knowledge - INFO - process ingested knowledge for /app/data/T0015/325511/b6423qn/entservices-deviceanddisplay-325511/DeviceInfo/CHANGELOG.md
2026-02-23 09:46:54,487 - Knowledge - INFO - Worker kw1 processing /app/data/T0015/325511/b6423qn/entservices-deviceanddisplay-325511/helpers/WebSockets/JsonRpc/Request.h
2026-02-23 09:46:54,605 - Knowledge - INFO - [LLM_CALL] Completed: DeviceInfo.cpp:chunk1, Duration: 59862ms, PromptTokens: 3600, CompletionTokens: 638, Cost: $0.00062
2026-02-23 09:46:54,611 - Knowledge - INFO - Worker kw14 processing /app/data/T0015/325511/b6423qn/entservices-deviceanddisplay-325511/helpers/UtilsString.h
2026-02-23 09:46:54,885 - Knowledge - INFO - Fast-tracked /app/data/T0015/325511/b6423qn/entservices-deviceanddisplay-325511/helpers/UtilsBIT.h (ext=.h, size=1312)
2026-02-23 09:46:55,072 - Knowledge - INFO - process ingested knowledge for /app/data/T0015/325511/b6423qn/entservices-deviceanddisplay-325511/helpers/UtilsIarm.h
2026-02-23 09:46:55,179 - Knowledge - INFO - process ingested knowledge for /app/data/T0015/325511/b6423qn/entservices-deviceanddisplay-325511/SystemServices/uploadlogs.cpp
2026-02-23 09:46:55,425 - Knowledge - INFO - process ingested knowledge for /app/data/T0015/325511/b6423qn/entservices-deviceanddisplay-325511/DeviceDiagnostics/DeviceDiagnostics.h
2026-02-23 09:46:55,592 - Knowledge - INFO - process ingested knowledge for /app/data/T0015/325511/b6423qn/entservices-deviceanddisplay-325511/DisplayInfo/DisplayInfoTracing.h
2026-02-23 09:46:55,766 - Knowledge - INFO - Fast-tracked /app/data/T0015/325511/b6423qn/entservices-deviceanddisplay-325511/helpers/WebSockets/JsonRpc/Request.h (ext=.h, size=1283)
2026-02-23 09:46:55,941 - Knowledge - INFO - done ingest for /app/data/T0015/325511/b6423qn/entservices-deviceanddisplay-325511/DeviceInfo/DeviceInfo.cpp
2026-02-23 09:46:56,088 - Knowledge - INFO - Worker kw14 processing /app/data/T0015/325511/b6423qn/entservices-deviceanddisplay-325511/helpers/UtilsisValidInt.h
2026-02-23 09:46:56,225 - Knowledge - INFO - Worker kw2 processing /app/data/T0015/325511/b6423qn/entservices-deviceanddisplay-325511/helpers/UtilsJsonRpc.h
2026-02-23 09:46:56,331 - Knowledge - INFO - process ingested knowledge for /app/data/T0015/325511/b6423qn/entservices-deviceanddisplay-325511/helpers/UtilsLOG_MILESTONE.h
2026-02-23 09:46:56,465 - Knowledge - INFO - process ingested knowledge for /app/data/T0015/325511/b6423qn/entservices-deviceanddisplay-325511/SystemServices/Module.cpp
2026-02-23 09:46:56,558 - Knowledge - INFO - process ingested knowledge for /app/data/T0015/325511/b6423qn/entservices-deviceanddisplay-325511/DeviceDiagnostics/CMakeLists.txt
2026-02-23 09:46:56,652 - Knowledge - INFO - process ingested knowledge for /app/data/T0015/325511/b6423qn/entservices-deviceanddisplay-325511/DisplayInfo/Linux/DRMConnector.h
2026-02-23 09:46:56,802 - Knowledge - INFO - Worker kw1 processing /app/data/T0015/325511/b6423qn/entservices-deviceanddisplay-325511/helpers/frontpanel.cpp
2026-02-23 09:46:57,096 - Knowledge - INFO - Fast-tracked /app/data/T0015/325511/b6423qn/entservices-deviceanddisplay-325511/helpers/UtilsisValidInt.h (ext=.h, size=1601)
2026-02-23 09:46:57,214 - Knowledge - INFO - Worker kw2 processing /app/data/T0015/325511/b6423qn/entservices-deviceanddisplay-325511/helpers/UtilsSynchroIarm.hpp
2026-02-23 09:46:57,328 - Knowledge - INFO - process ingested knowledge for /app/data/T0015/325511/b6423qn/entservices-deviceanddisplay-325511/helpers/UtilsgetRFCConfig.h
2026-02-23 09:46:57,460 - Knowledge - INFO - process ingested knowledge for /app/data/T0015/325511/b6423qn/entservices-deviceanddisplay-325511/SystemServices/CHANGELOG.md
2026-02-23 09:46:57,636 - Knowledge - INFO - process ingested knowledge for /app/data/T0015/325511/b6423qn/entservices-deviceanddisplay-325511/DeviceDiagnostics/DeviceDiagnostics.cpp
2026-02-23 09:46:57,771 - Knowledge - INFO - process ingested knowledge for /app/data/T0015/325511/b6423qn/entservices-deviceanddisplay-325511/DisplayInfo/Linux/PlatformImplementation.cpp
2026-02-23 09:46:58,016 - Knowledge - INFO - Worker kw1 processing /app/data/T0015/325511/b6423qn/entservices-deviceanddisplay-325511/helpers/cSettings.h
2026-02-23 09:46:58,055 - Knowledge - INFO - Worker kw14 processing /app/data/T0015/325511/b6423qn/entservices-deviceanddisplay-325511/helpers/UtilssyncPersistFile.h
2026-02-23 09:46:58,199 - Knowledge - INFO - Fast-tracked /app/data/T0015/325511/b6423qn/entservices-deviceanddisplay-325511/helpers/WebSockets/Roles/Client.h (small file (2756 bytes))
2026-02-23 09:46:58,202 - Knowledge - INFO - Worker kw2 processing /app/data/T0015/325511/b6423qn/entservices-deviceanddisplay-325511/helpers/UtilsProcess.h
2026-02-23 09:46:58,403 - Knowledge - INFO - Async storage completed for 5 embeddings
2026-02-23 09:46:59,258 - Knowledge - INFO - process ingested knowledge for /app/data/T0015/325511/b6423qn/entservices-deviceanddisplay-325511/DeviceDiagnostics/README.md
2026-02-23 09:46:59,346 - Knowledge - INFO - Fast-tracked /app/data/T0015/325511/b6423qn/entservices-deviceanddisplay-325511/helpers/UtilssyncPersistFile.h (ext=.h, size=1541)
2026-02-23 09:46:59,386 - Knowledge - INFO - Fast-tracked /app/data/T0015/325511/b6423qn/entservices-deviceanddisplay-325511/helpers/WebSockets/CommunicationInterface/CommandInterface.h (small file (2143 bytes))
2026-02-23 09:46:59,557 - Knowledge - INFO - Async storage completed for 6 embeddings
2026-02-23 09:46:59,720 - Knowledge - INFO - [LLM_CALL] Completed: DeviceInfoImplementation.h:chunk1, Duration: 58762ms, PromptTokens: 2148, CompletionTokens: 1316, Cost: $0.00074
2026-02-23 09:47:00,566 - Knowledge - INFO - Worker kw14 processing /app/data/T0015/325511/b6423qn/entservices-deviceanddisplay-325511/helpers/UtilsLogging.h
2026-02-23 09:47:00,807 - Knowledge - INFO - Async storage completed for 5 embeddings
2026-02-23 09:47:01,046 - Knowledge - INFO - done ingest for /app/data/T0015/325511/b6423qn/entservices-deviceanddisplay-325511/DeviceInfo/DeviceInfoImplementation.h
2026-02-23 09:47:01,331 - Knowledge - INFO - Fast-tracked /app/data/T0015/325511/b6423qn/entservices-deviceanddisplay-325511/helpers/UtilsLogging.h (ext=.h, size=1834)
2026-02-23 09:47:04,879 - Knowledge - INFO - [LLM_CALL] Completed: ThermalMfrImpl.h:chunk1, Duration: 68819ms, PromptTokens: 5476, CompletionTokens: 503, Cost: $0.00075
2026-02-23 09:47:05,224 - Knowledge - INFO - done ingest for /app/data/T0015/325511/b6423qn/entservices-deviceanddisplay-325511/PowerManager/hal/ThermalMfrImpl.h
2026-02-23 09:47:06,952 - Knowledge - INFO - [LLM_CALL] Completed: DeviceAudioCapabilities.cpp:chunk1, Duration: 63173ms, PromptTokens: 3924, CompletionTokens: 516, Cost: $0.00060
2026-02-23 09:47:07,213 - Knowledge - INFO - done ingest for /app/data/T0015/325511/b6423qn/entservices-deviceanddisplay-325511/DeviceInfo/DeviceAudioCapabilities.cpp
2026-02-23 09:47:08,682 - Knowledge - INFO - Async storage completed for 5 embeddings
2026-02-23 09:47:11,439 - Knowledge - INFO - Async storage completed for 4 embeddings
2026-02-23 09:47:12,421 - Knowledge - INFO - Fast-tracked /app/data/T0015/325511/b6423qn/entservices-deviceanddisplay-325511/helpers/UtilsProcess.h (small file (2699 bytes))
2026-02-23 09:47:12,869 - Knowledge - INFO - [WEBSOCKET] Sent: Type=progress_update, Size: 290, Duration: 0ms
2026-02-23 09:47:12,951 - Knowledge - INFO - Async storage completed for 6 embeddings
2026-02-23 09:47:13,487 - Knowledge - INFO - [WEBSOCKET] Sent: Type=unknown, Size: ?, Duration: 618ms
2026-02-23 09:47:14,115 - Knowledge - INFO - Progress: 39.7% | Files: 100/252 | Rate: 1.00 files/sec | Queue: 76
2026-02-23 09:47:15,476 - Knowledge - INFO - Processing batch of 6 files
2026-02-23 09:47:15,726 - Knowledge - INFO - [kw20] Queue=76, InProgress=0, PendingWorkers=20/20, Completed=101/252 (40.1%)
2026-02-23 09:47:15,766 - Knowledge - INFO - [kw9] Queue=76, InProgress=0, PendingWorkers=20/20, Completed=101/252 (40.1%)
2026-02-23 09:47:15,842 - Knowledge - INFO - [kw4] Queue=76, InProgress=0, PendingWorkers=20/20, Completed=101/252 (40.1%)
2026-02-23 09:47:16,095 - Knowledge - INFO - process ingested knowledge for /app/data/T0015/325511/b6423qn/entservices-deviceanddisplay-325511/DeviceDiagnostics/Module.cpp
2026-02-23 09:47:16,119 - Knowledge - INFO - Batch sizing: calculated=4, max_allowed=10, queue=76, active_workers=20/20
2026-02-23 09:47:16,627 - Knowledge - INFO - Batch sizing: calculated=4, max_allowed=10, queue=76, active_workers=20/20
2026-02-23 09:47:17,540 - Knowledge - INFO - Batch sizing: calculated=4, max_allowed=10, queue=76, active_workers=20/20
2026-02-23 09:47:18,282 - Knowledge - INFO - process ingested knowledge for /app/data/T0015/325511/b6423qn/entservices-deviceanddisplay-325511/DeviceDiagnostics/CHANGELOG.md
2026-02-23 09:47:18,304 - Knowledge - INFO - Async storing batch of 5 embeddings
2026-02-23 09:47:18,345 - Knowledge - INFO - Async storing batch of 6 embeddings
2026-02-23 09:47:18,376 - Knowledge - INFO - Async storing batch of 5 embeddings
2026-02-23 09:47:18,649 - Knowledge - INFO - process ingested knowledge for /app/data/T0015/325511/b6423qn/entservices-deviceanddisplay-325511/DeviceDiagnostics/DeviceDiagnosticsImplementation.cpp
2026-02-23 09:47:18,969 - Knowledge - INFO - Worker kw20 processing /app/data/T0015/325511/b6423qn/entservices-deviceanddisplay-325511/helpers/PluginInterfaceBuilder.h
2026-02-23 09:47:19,151 - Knowledge - INFO - Worker kw9 processing /app/data/T0015/325511/b6423qn/entservices-deviceanddisplay-325511/helpers/UtilsController.h
2026-02-23 09:47:19,553 - Knowledge - INFO - [kw6] Queue=64, InProgress=0, PendingWorkers=20/20, Completed=101/252 (40.1%)
2026-02-23 09:47:19,674 - Knowledge - INFO - Worker kw4 processing /app/data/T0015/325511/b6423qn/entservices-deviceanddisplay-325511/helpers/UtilsfileExists.h
2026-02-23 09:47:20,150 - Knowledge - INFO - done ingest for /app/data/T0015/325511/b6423qn/entservices-deviceanddisplay-325511/DisplayInfo/RPI/PlatformImplementation.cpp
2026-02-23 09:47:20,213 - Knowledge - INFO - process ingested knowledge for /app/data/T0015/325511/b6423qn/entservices-deviceanddisplay-325511/DeviceInfo/DeviceInfoImplementation.h
2026-02-23 09:47:20,258 - Knowledge - INFO - [LLM_CALL] Completed: Settings.h:chunk1, Duration: 87594ms, PromptTokens: 2670, CompletionTokens: 704, Cost: $0.00055
2026-02-23 09:47:20,750 - Knowledge - INFO - Worker kw20 processing /app/data/T0015/325511/b6423qn/entservices-deviceanddisplay-325511/helpers/UtilsInputValidator.h
2026-02-23 09:47:20,785 - Knowledge - INFO - Worker kw9 processing /app/data/T0015/325511/b6423qn/entservices-deviceanddisplay-325511/helpers/UtilsUnused.h
2026-02-23 09:47:20,899 - Knowledge - INFO - Batch sizing: calculated=4, max_allowed=10, queue=64, active_workers=20/20
2026-02-23 09:47:21,159 - Knowledge - INFO - Fast-tracked /app/data/T0015/325511/b6423qn/entservices-deviceanddisplay-325511/helpers/UtilsfileExists.h (ext=.h, size=880)
2026-02-23 09:47:21,806 - Knowledge - INFO - process ingested knowledge for /app/data/T0015/325511/b6423qn/entservices-deviceanddisplay-325511/DeviceInfo/Module.h
2026-02-23 09:47:21,968 - Knowledge - INFO - done ingest for /app/data/T0015/325511/b6423qn/entservices-deviceanddisplay-325511/PowerManager/Settings.h
2026-02-23 09:47:22,009 - Knowledge - INFO - [LLM_CALL] Completed: PingPongEnabled.h:chunk1, Duration: 49578ms, PromptTokens: 3046, CompletionTokens: 561, Cost: $0.00053
2026-02-23 09:47:22,183 - Knowledge - INFO - Worker kw20 processing /app/data/T0015/325511/b6423qn/entservices-deviceanddisplay-325511/helpers/UtilsSynchro.hpp
2026-02-23 09:47:22,320 - Knowledge - INFO - Fast-tracked /app/data/T0015/325511/b6423qn/entservices-deviceanddisplay-325511/helpers/UtilsUnused.h (ext=.h, size=750)
2026-02-23 09:47:22,598 - Knowledge - INFO - Worker kw4 processing /app/data/T0015/325511/b6423qn/entservices-deviceanddisplay-325511/helpers/PowerManagerInterface.h
2026-02-23 09:47:22,765 - Knowledge - INFO - process ingested knowledge for /app/data/T0015/325511/b6423qn/entservices-deviceanddisplay-325511/DeviceInfo/DeviceVideoCapabilities.cpp
2026-02-23 09:47:23,139 - Knowledge - INFO - done ingest for /app/data/T0015/325511/b6423qn/entservices-deviceanddisplay-325511/helpers/WebSockets/PingPong/PingPongEnabled.h
2026-02-23 09:47:23,227 - Knowledge - INFO - [LLM_CALL] Completed: DeviceInfoImplementation.cpp:chunk1, Duration: 66066ms, PromptTokens: 9576, CompletionTokens: 1050, Cost: $0.00138
2026-02-23 09:47:23,550 - Knowledge - INFO - Worker kw20 processing /app/data/T0015/325511/b6423qn/entservices-deviceanddisplay-325511/helpers/UtilsCStr.h
2026-02-23 09:47:23,726 - Knowledge - INFO - Worker kw9 processing /app/data/T0015/325511/b6423qn/entservices-deviceanddisplay-325511/helpers/tptimer.h
2026-02-23 09:47:23,860 - Knowledge - INFO - Fast-tracked /app/data/T0015/325511/b6423qn/entservices-deviceanddisplay-325511/helpers/PowerManagerInterface.h (ext=.h, size=1006)
2026-02-23 09:47:24,607 - Knowledge - INFO - done ingest for /app/data/T0015/325511/b6423qn/entservices-deviceanddisplay-325511/DeviceInfo/DeviceInfoImplementation.cpp
2026-02-23 09:47:24,632 - Knowledge - INFO - [LLM_CALL] Completed: platformcapsdatarpc.cpp:chunk1, Duration: 50866ms, PromptTokens: 4120, CompletionTokens: 868, Cost: $0.00076
2026-02-23 09:47:24,865 - Knowledge - INFO - Fast-tracked /app/data/T0015/325511/b6423qn/entservices-deviceanddisplay-325511/helpers/UtilsCStr.h (ext=.h, size=746)
2026-02-23 09:47:25,103 - Knowledge - INFO - Worker kw9 processing /app/data/T0015/325511/b6423qn/entservices-deviceanddisplay-325511/helpers/UtilsFile.h
2026-02-23 09:47:25,127 - Knowledge - INFO - Worker kw4 processing /app/data/T0015/325511/b6423qn/entservices-deviceanddisplay-325511/helpers/UtilsSearchRDKProfile.h
2026-02-23 09:47:25,760 - Knowledge - INFO - done ingest for /app/data/T0015/325511/b6423qn/entservices-deviceanddisplay-325511/SystemServices/platformcaps/platformcapsdatarpc.cpp
2026-02-23 09:47:25,783 - Knowledge - INFO - Async storing batch of 6 embeddings
2026-02-23 09:47:26,184 - Knowledge - INFO - [LLM_CALL] Completed: UserPreferences.h:chunk1, Duration: 54243ms, PromptTokens: 2458, CompletionTokens: 1105, Cost: $0.00069
2026-02-23 09:47:26,444 - Knowledge - INFO - Worker kw4 processing /app/data/T0015/325511/b6423qn/entservices-deviceanddisplay-325511/helpers/frontpanel.h
2026-02-23 09:47:26,937 - Knowledge - INFO - Worker kw6 processing /app/data/T0015/325511/b6423qn/entservices-deviceanddisplay-325511/services.cmake
2026-02-23 09:47:26,953 - Knowledge - INFO - done ingest for /app/data/T0015/325511/b6423qn/entservices-deviceanddisplay-325511/UserPreferences/UserPreferences.h
2026-02-23 09:47:27,205 - Knowledge - INFO - Fast-tracked /app/data/T0015/325511/b6423qn/entservices-deviceanddisplay-325511/helpers/UtilsSearchRDKProfile.h (small file (2043 bytes))
2026-02-23 09:47:27,341 - Knowledge - INFO - Worker kw6 processing /app/data/T0015/325511/b6423qn/entservices-deviceanddisplay-325511/Tests/L1Tests/CMakeLists.txt
2026-02-23 09:47:28,168 - Knowledge - INFO - Fast-tracked /app/data/T0015/325511/b6423qn/entservices-deviceanddisplay-325511/Tests/L1Tests/CMakeLists.txt (ext=.txt, size=8653)
2026-02-23 09:47:28,551 - Knowledge - INFO - Worker kw6 processing /app/data/T0015/325511/b6423qn/entservices-deviceanddisplay-325511/Tests/L1Tests/tests/test_PowerManager.cpp
2026-02-23 09:47:28,726 - Knowledge - INFO - Processing batch of 6 files
2026-02-23 09:47:28,953 - Knowledge - INFO - Fast-tracked /app/data/T0015/325511/b6423qn/entservices-deviceanddisplay-325511/Tests/L1Tests/tests/test_PowerManager.cpp (ext=.cpp, size=65698)
2026-02-23 09:47:29,213 - Knowledge - INFO - process ingested knowledge for /app/data/T0015/325511/b6423qn/entservices-deviceanddisplay-325511/DeviceInfo/DeviceInfo.h
2026-02-23 09:47:29,394 - Knowledge - INFO - Worker kw6 processing /app/data/T0015/325511/b6423qn/entservices-deviceanddisplay-325511/Tests/L1Tests/tests/test_DeviceDiagnostics.cpp
2026-02-23 09:47:29,896 - Knowledge - INFO - [LLM_CALL] Completed: UtilsgetFileContent.h:chunk1, Duration: 57689ms, PromptTokens: 5186, CompletionTokens: 523, Cost: $0.00073
2026-02-23 09:47:30,030 - Knowledge - INFO - Fast-tracked /app/data/T0015/325511/b6423qn/entservices-deviceanddisplay-325511/Tests/L1Tests/tests/test_DeviceDiagnostics.cpp (ext=.cpp, size=5899)
2026-02-23 09:47:30,194 - Knowledge - INFO - done ingest for /app/data/T0015/325511/b6423qn/entservices-deviceanddisplay-325511/helpers/UtilsgetFileContent.h
2026-02-23 09:47:30,374 - Knowledge - INFO - [LLM_CALL] Completed: UtilsJsonRpc.h:chunk1, Duration: 29288ms, PromptTokens: 3888, CompletionTokens: 332, Cost: $0.00052
2026-02-23 09:47:30,417 - Knowledge - INFO - process ingested knowledge for /app/data/T0015/325511/b6423qn/entservices-deviceanddisplay-325511/DeviceInfo/DeviceAudioCapabilities.h
2026-02-23 09:47:31,179 - Knowledge - INFO - done ingest for /app/data/T0015/325511/b6423qn/entservices-deviceanddisplay-325511/helpers/UtilsJsonRpc.h
2026-02-23 09:47:31,414 - Knowledge - INFO - [WEBSOCKET] Sent: Type=progress_update, Size: 293, Duration: 0ms
2026-02-23 09:47:31,447 - Knowledge - INFO - process ingested knowledge for /app/data/T0015/325511/b6423qn/entservices-deviceanddisplay-325511/DeviceInfo/CMakeLists.txt
2026-02-23 09:47:32,098 - Knowledge - INFO - [LLM_CALL] Completed: SingleClientServer.h:chunk1, Duration: 43801ms, PromptTokens: 2134, CompletionTokens: 353, Cost: $0.00035
2026-02-23 09:47:32,566 - Knowledge - INFO - process ingested knowledge for /app/data/T0015/325511/b6423qn/entservices-deviceanddisplay-325511/DeviceInfo/DeviceInfo.cpp
2026-02-23 09:47:33,757 - Knowledge - INFO - done ingest for /app/data/T0015/325511/b6423qn/entservices-deviceanddisplay-325511/helpers/WebSockets/Roles/SingleClientServer.h
2026-02-23 09:47:33,821 - Knowledge - INFO - [WEBSOCKET] Sent: Type=unknown, Size: ?, Duration: 2407ms
2026-02-23 09:47:33,943 - Knowledge - INFO - process ingested knowledge for /app/data/T0015/325511/b6423qn/entservices-deviceanddisplay-325511/DeviceInfo/DeviceAudioCapabilities.cpp
2026-02-23 09:47:34,279 - Knowledge - INFO - Progress: 42.5% | Files: 107/252 | Rate: 0.89 files/sec | Queue: 60
2026-02-23 09:47:34,413 - Knowledge - INFO - [LLM_CALL] Completed: UserPreferences.cpp:chunk1, Duration: 78266ms, PromptTokens: 9628, CompletionTokens: 747, Cost: $0.00126
2026-02-23 09:47:34,491 - Knowledge - INFO - process ingested knowledge for /app/data/T0015/325511/b6423qn/entservices-deviceanddisplay-325511/DeviceInfo/DeviceInfoImplementation.cpp
2026-02-23 09:47:34,877 - Knowledge - INFO - [kw7] Queue=60, InProgress=0, PendingWorkers=20/20, Completed=108/252 (42.9%)
2026-02-23 09:47:35,009 - Knowledge - INFO - done ingest for /app/data/T0015/325511/b6423qn/entservices-deviceanddisplay-325511/UserPreferences/UserPreferences.cpp
2026-02-23 09:47:35,502 - Knowledge - INFO - Batch sizing: calculated=4, max_allowed=10, queue=60, active_workers=20/20
2026-02-23 09:47:35,977 - Knowledge - INFO - Async storage completed for 5 embeddings
2026-02-23 09:47:36,236 - Knowledge - INFO - [LLM_CALL] Completed: UtilsString.h:chunk1, Duration: 34386ms, PromptTokens: 6846, CompletionTokens: 755, Cost: $0.00099
2026-02-23 09:47:36,939 - Knowledge - INFO - done ingest for /app/data/T0015/325511/b6423qn/entservices-deviceanddisplay-325511/helpers/UtilsString.h
2026-02-23 09:47:36,990 - Knowledge - INFO - Async storing batch of 6 embeddings
2026-02-23 09:47:37,164 - Knowledge - INFO - [LLM_CALL] Completed: ThermalImpl.h:chunk1, Duration: 82205ms, PromptTokens: 5388, CompletionTokens: 518, Cost: $0.00075
2026-02-23 09:47:37,828 - Knowledge - INFO - Worker kw7 processing /app/data/T0015/325511/b6423qn/entservices-deviceanddisplay-325511/Tests/L1Tests/tests/test_DeviceAudioCapabilities.cpp
2026-02-23 09:47:38,183 - Knowledge - INFO - done ingest for /app/data/T0015/325511/b6423qn/entservices-deviceanddisplay-325511/PowerManager/hal/ThermalImpl.h
2026-02-23 09:47:38,759 - Knowledge - INFO - Fast-tracked /app/data/T0015/325511/b6423qn/entservices-deviceanddisplay-325511/Tests/L1Tests/tests/test_DeviceAudioCapabilities.cpp (ext=.cpp, size=64490)
2026-02-23 09:47:38,818 - Knowledge - INFO - [LLM_CALL] Completed: UtilsSynchroIarm.hpp:chunk1, Duration: 30522ms, PromptTokens: 2512, CompletionTokens: 389, Cost: $0.00041
2026-02-23 09:47:39,308 - Knowledge - INFO - Worker kw7 processing /app/data/T0015/325511/b6423qn/entservices-deviceanddisplay-325511/Tests/L1Tests/tests/test_DeviceInfo.cpp
2026-02-23 09:47:39,627 - Knowledge - INFO - done ingest for /app/data/T0015/325511/b6423qn/entservices-deviceanddisplay-325511/helpers/UtilsSynchroIarm.hpp
2026-02-23 09:47:39,670 - Knowledge - INFO - [LLM_CALL] Completed: PowerUtils.cpp:chunk1, Duration: 75958ms, PromptTokens: 3624, CompletionTokens: 380, Cost: $0.00051
2026-02-23 09:47:39,829 - Knowledge - INFO - Async storage completed for 6 embeddings
2026-02-23 09:47:40,286 - Knowledge - INFO - Fast-tracked /app/data/T0015/325511/b6423qn/entservices-deviceanddisplay-325511/Tests/L1Tests/tests/test_DeviceInfo.cpp (ext=.cpp, size=63259)
2026-02-23 09:47:40,461 - Knowledge - INFO - done ingest for /app/data/T0015/325511/b6423qn/entservices-deviceanddisplay-325511/PowerManager/PowerUtils.cpp
2026-02-23 09:47:40,541 - Knowledge - INFO - [LLM_CALL] Completed: cSettings.h:chunk1, Duration: 34801ms, PromptTokens: 3696, CompletionTokens: 500, Cost: $0.00057
2026-02-23 09:47:41,191 - Knowledge - INFO - Worker kw7 processing /app/data/T0015/325511/b6423qn/entservices-deviceanddisplay-325511/Tests/L1Tests/tests/test_DisplayInfo.cpp
2026-02-23 09:47:41,522 - Knowledge - INFO - done ingest for /app/data/T0015/325511/b6423qn/entservices-deviceanddisplay-325511/helpers/cSettings.h
2026-02-23 09:47:41,796 - Knowledge - INFO - Fast-tracked /app/data/T0015/325511/b6423qn/entservices-deviceanddisplay-325511/Tests/L1Tests/tests/test_DisplayInfo.cpp (ext=.cpp, size=82570)
2026-02-23 09:47:41,892 - Knowledge - INFO - [LLM_CALL] Completed: platformcapsdata.h:chunk1, Duration: 84706ms, PromptTokens: 4580, CompletionTokens: 1051, Cost: $0.00088
2026-02-23 09:47:42,126 - Knowledge - INFO - Fast-tracked /app/data/T0015/325511/b6423qn/entservices-deviceanddisplay-325511/helpers/UtilsFile.h (small file (2625 bytes))
2026-02-23 09:47:42,527 - Knowledge - INFO - Worker kw7 processing /app/data/T0015/325511/b6423qn/entservices-deviceanddisplay-325511/Tests/L1Tests/tests/test_DeviceInfoWeb.cpp
2026-02-23 09:47:43,070 - Knowledge - INFO - done ingest for /app/data/T0015/325511/b6423qn/entservices-deviceanddisplay-325511/SystemServices/platformcaps/platformcapsdata.h
2026-02-23 09:47:43,149 - Knowledge - INFO - Async storage completed for 6 embeddings
2026-02-23 09:47:43,149 - Knowledge - INFO - Fast-tracked /app/data/T0015/325511/b6423qn/entservices-deviceanddisplay-325511/Tests/L1Tests/tests/test_DeviceInfoWeb.cpp (ext=.cpp, size=11496)
2026-02-23 09:47:43,263 - Knowledge - INFO - [LLM_CALL] Completed: JsonRpcInterface.h:chunk1, Duration: 53661ms, PromptTokens: 4562, CompletionTokens: 797, Cost: $0.00077
2026-02-23 09:47:44,046 - Knowledge - INFO - done ingest for /app/data/T0015/325511/b6423qn/entservices-deviceanddisplay-325511/helpers/WebSockets/CommunicationInterface/JsonRpcInterface.h
2026-02-23 09:47:44,069 - Knowledge - INFO - Processing batch of 5 files
2026-02-23 09:47:44,109 - Knowledge - INFO - Async storage completed for 6 embeddings
2026-02-23 09:47:44,153 - Knowledge - INFO - [LLM_CALL] Completed: WSEndpoint.cpp:chunk1, Duration: 56315ms, PromptTokens: 5204, CompletionTokens: 1017, Cost: $0.00093
2026-02-23 09:47:44,475 - Knowledge - INFO - process ingested knowledge for /app/data/T0015/325511/b6423qn/entservices-deviceanddisplay-325511/UserPreferences/UserPreferences.cpp
2026-02-23 09:47:44,499 - Knowledge - INFO - Async storage completed for 5 embeddings
2026-02-23 09:47:44,847 - Knowledge - INFO - done ingest for /app/data/T0015/325511/b6423qn/entservices-deviceanddisplay-325511/helpers/WebSockets/WSEndpoint.cpp
2026-02-23 09:47:44,928 - Knowledge - INFO - [LLM_CALL] Completed: services.cmake:chunk1, Duration: 13566ms, PromptTokens: 3200, CompletionTokens: 59, Cost: $0.00034
2026-02-23 09:47:45,115 - Knowledge - INFO - process ingested knowledge for /app/data/T0015/325511/b6423qn/entservices-deviceanddisplay-325511/UserPreferences/CMakeLists.txt
2026-02-23 09:47:45,680 - Knowledge - INFO - done ingest for /app/data/T0015/325511/b6423qn/entservices-deviceanddisplay-325511/services.cmake
2026-02-23 09:47:45,699 - Knowledge - INFO - [LLM_CALL] Completed: AckController.h:chunk1, Duration: 114843ms, PromptTokens: 6154, CompletionTokens: 737, Cost: $0.00091
2026-02-23 09:47:45,804 - Knowledge - INFO - process ingested knowledge for /app/data/T0015/325511/b6423qn/entservices-deviceanddisplay-325511/UserPreferences/README.md
2026-02-23 09:47:46,108 - Knowledge - INFO - done ingest for /app/data/T0015/325511/b6423qn/entservices-deviceanddisplay-325511/PowerManager/AckController.h
2026-02-23 09:47:46,234 - Knowledge - INFO - Processing batch of 5 files
2026-02-23 09:47:46,280 - Knowledge - INFO - [LLM_CALL] Completed: DisplayInfo.cpp:chunk1, Duration: 91827ms, PromptTokens: 4994, CompletionTokens: 725, Cost: $0.00079
2026-02-23 09:47:46,326 - Knowledge - INFO - process ingested knowledge for /app/data/T0015/325511/b6423qn/entservices-deviceanddisplay-325511/UserPreferences/Module.cpp
2026-02-23 09:47:46,569 - Knowledge - INFO - process ingested knowledge for /app/data/T0015/325511/b6423qn/entservices-deviceanddisplay-325511/helpers/WebSockets/PingPong/PingPongEnabled.h
2026-02-23 09:47:46,744 - Knowledge - INFO - done ingest for /app/data/T0015/325511/b6423qn/entservices-deviceanddisplay-325511/DisplayInfo/DisplayInfo.cpp
2026-02-23 09:47:46,946 - Knowledge - INFO - process ingested knowledge for /app/data/T0015/325511/b6423qn/entservices-deviceanddisplay-325511/UserPreferences/UserPreferences.h
2026-02-23 09:47:47,128 - Knowledge - INFO - Processing batch of 4 files
2026-02-23 09:47:47,181 - Knowledge - INFO - [WEBSOCKET] Sent: Type=progress_update, Size: 292, Duration: 220ms
2026-02-23 09:47:47,182 - Knowledge - INFO - process ingested knowledge for /app/data/T0015/325511/b6423qn/entservices-deviceanddisplay-325511/helpers/WebSockets/WSEndpoint.h
2026-02-23 09:47:47,645 - Knowledge - INFO - process ingested knowledge for /app/data/T0015/325511/b6423qn/entservices-deviceanddisplay-325511/helpers/UtilsString.h
2026-02-23 09:47:47,950 - Knowledge - INFO - [LLM_CALL] Completed: TlsEnabled.h:chunk1, Duration: 74541ms, PromptTokens: 4476, CompletionTokens: 773, Cost: $0.00076
2026-02-23 09:47:48,211 - Knowledge - INFO - process ingested knowledge for /app/data/T0015/325511/b6423qn/entservices-deviceanddisplay-325511/helpers/WebSockets/Roles/SingleClientServer.h
2026-02-23 09:47:48,217 - Knowledge - INFO - process ingested knowledge for /app/data/T0015/325511/b6423qn/entservices-deviceanddisplay-325511/helpers/UtilsisValidInt.h
2026-02-23 09:47:48,231 - Knowledge - INFO - done ingest for /app/data/T0015/325511/b6423qn/entservices-deviceanddisplay-325511/helpers/WebSockets/Encryption/TlsEnabled.h
2026-02-23 09:47:48,308 - Knowledge - INFO - [LLM_CALL] Completed: systemServiceTestClient.cpp:chunk1, Duration: 74378ms, PromptTokens: 18588, CompletionTokens: 552, Cost: $0.00208
2026-02-23 09:47:48,770 - Knowledge - INFO - process ingested knowledge for /app/data/T0015/325511/b6423qn/entservices-deviceanddisplay-325511/helpers/WebSockets/Roles/Client.h
2026-02-23 09:47:48,819 - Knowledge - INFO - process ingested knowledge for /app/data/T0015/325511/b6423qn/entservices-deviceanddisplay-325511/helpers/UtilssyncPersistFile.h
2026-02-23 09:47:48,974 - Knowledge - INFO - done ingest for /app/data/T0015/325511/b6423qn/entservices-deviceanddisplay-325511/SystemServices/TestClient/systemServiceTestClient.cpp
2026-02-23 09:47:48,987 - Knowledge - INFO - [WEBSOCKET] Sent: Type=unknown, Size: ?, Duration: 2026ms
2026-02-23 09:47:49,359 - Knowledge - INFO - process ingested knowledge for /app/data/T0015/325511/b6423qn/entservices-deviceanddisplay-325511/helpers/WebSockets/ConnectionInitializationResult.h
2026-02-23 09:47:49,366 - Knowledge - INFO - process ingested knowledge for /app/data/T0015/325511/b6423qn/entservices-deviceanddisplay-325511/helpers/UtilsLogging.h
2026-02-23 09:47:49,540 - Knowledge - INFO - Progress: 52.0% | Files: 138/252 | Rate: 1.01 files/sec | Queue: 56
2026-02-23 09:47:49,586 - Knowledge - INFO - [LLM_CALL] Completed: ThermalController.h:chunk1, Duration: 109215ms, PromptTokens: 5372, CompletionTokens: 619, Cost: $0.00078
2026-02-23 09:47:50,137 - Knowledge - INFO - done ingest for /app/data/T0015/325511/b6423qn/entservices-deviceanddisplay-325511/PowerManager/ThermalController.h
2026-02-23 09:47:50,174 - Knowledge - INFO - [LLM_CALL] Completed: SoC_abstraction.cpp:chunk1, Duration: 105155ms, PromptTokens: 3170, CompletionTokens: 509, Cost: $0.00052
2026-02-23 09:47:50,404 - Knowledge - INFO - [kw8] Queue=56, InProgress=0, PendingWorkers=20/20, Completed=138/252 (54.8%)
2026-02-23 09:47:51,386 - Knowledge - INFO - done ingest for /app/data/T0015/325511/b6423qn/entservices-deviceanddisplay-325511/DisplayInfo/DeviceSettings/RPI/SoC_abstraction.cpp
2026-02-23 09:47:51,431 - Knowledge - INFO - Processing batch of 4 files
2026-02-23 09:47:51,451 - Knowledge - INFO - [LLM_CALL] Completed: DeepSleepController.h:chunk1, Duration: 125684ms, PromptTokens: 3846, CompletionTokens: 664, Cost: $0.00065
2026-02-23 09:47:51,550 - Knowledge - INFO - Batch sizing: calculated=4, max_allowed=10, queue=56, active_workers=20/20
2026-02-23 09:47:52,223 - Knowledge - INFO - process ingested knowledge for /app/data/T0015/325511/b6423qn/entservices-deviceanddisplay-325511/services.cmake
2026-02-23 09:47:52,692 - Knowledge - INFO - done ingest for /app/data/T0015/325511/b6423qn/entservices-deviceanddisplay-325511/PowerManager/DeepSleepController.h
2026-02-23 09:47:52,718 - Knowledge - INFO - Processing batch of 4 files
2026-02-23 09:47:53,805 - Knowledge - INFO - [LLM_CALL] Completed: PowerController.h:chunk1, Duration: 125102ms, PromptTokens: 2930, CompletionTokens: 681, Cost: $0.00057
2026-02-23 09:47:53,823 - Knowledge - INFO - process ingested knowledge for /app/data/T0015/325511/b6423qn/entservices-deviceanddisplay-325511/helpers/UtilsBIT.h
2026-02-23 09:47:54,151 - Knowledge - INFO - done ingest for /app/data/T0015/325511/b6423qn/entservices-deviceanddisplay-325511/PowerManager/PowerController.h
2026-02-23 09:47:54,245 - Knowledge - INFO - process ingested knowledge for /app/data/T0015/325511/b6423qn/entservices-deviceanddisplay-325511/Tests/L1Tests/CMakeLists.txt
2026-02-23 09:47:54,396 - Knowledge - INFO - Async storing batch of 6 embeddings
2026-02-23 09:47:54,455 - Knowledge - INFO - [WEBSOCKET] Sent: Type=progress_update, Size: 292, Duration: 115ms
2026-02-23 09:47:55,156 - Knowledge - INFO - Worker kw8 processing /app/data/T0015/325511/b6423qn/entservices-deviceanddisplay-325511/Tests/L1Tests/tests/test_UserPreferences.cpp
2026-02-23 09:47:55,299 - Knowledge - INFO - [LLM_CALL] Completed: PowerManager.cpp:chunk1, Duration: 127482ms, PromptTokens: 4956, CompletionTokens: 531, Cost: $0.00071
2026-02-23 09:47:55,469 - Knowledge - INFO - Fast-tracked /app/data/T0015/325511/b6423qn/entservices-deviceanddisplay-325511/Tests/L1Tests/tests/test_UserPreferences.cpp (ext=.cpp, size=4730)
2026-02-23 09:47:55,659 - Knowledge - INFO - done ingest for /app/data/T0015/325511/b6423qn/entservices-deviceanddisplay-325511/PowerManager/PowerManager.cpp
2026-02-23 09:47:55,798 - Knowledge - INFO - [WEBSOCKET] Sent: Type=unknown, Size: ?, Duration: 1458ms
2026-02-23 09:47:55,883 - Knowledge - INFO - process ingested knowledge for /app/data/T0015/325511/b6423qn/entservices-deviceanddisplay-325511/helpers/UtilsJsonRpc.h
2026-02-23 09:47:55,915 - Knowledge - INFO - Worker kw8 processing /app/data/T0015/325511/b6423qn/entservices-deviceanddisplay-325511/Tests/L1Tests/tests/test_UtilsFile.cpp
2026-02-23 09:47:56,579 - Knowledge - INFO - Progress: 56.0% | Files: 144/252 | Rate: 1.01 files/sec | Queue: 52
2026-02-23 09:47:56,601 - Knowledge - INFO - Processing batch of 5 files
2026-02-23 09:47:56,758 - Knowledge - INFO - [LLM_CALL] Completed: frontpanel.cpp:chunk1, Duration: 57431ms, PromptTokens: 11008, CompletionTokens: 1167, Cost: $0.00157
2026-02-23 09:47:56,819 - Knowledge - INFO - process ingested knowledge for /app/data/T0015/325511/b6423qn/entservices-deviceanddisplay-325511/Tests/L1Tests/tests/test_PowerManager.cpp
2026-02-23 09:47:56,993 - Knowledge - INFO - Fast-tracked /app/data/T0015/325511/b6423qn/entservices-deviceanddisplay-325511/Tests/L1Tests/tests/test_UtilsFile.cpp (ext=.cpp, size=1934)
2026-02-23 09:47:57,306 - Knowledge - INFO - [kw15] Queue=52, InProgress=0, PendingWorkers=20/20, Completed=146/252 (57.9%)
2026-02-23 09:47:57,311 - Knowledge - INFO - process ingested knowledge for /app/data/T0015/325511/b6423qn/entservices-deviceanddisplay-325511/UserPreferences/CHANGELOG.md
2026-02-23 09:47:57,333 - Knowledge - INFO - process ingested knowledge for /app/data/T0015/325511/b6423qn/entservices-deviceanddisplay-325511/helpers/UtilsSynchroIarm.hpp
2026-02-23 09:47:57,498 - Knowledge - INFO - done ingest for /app/data/T0015/325511/b6423qn/entservices-deviceanddisplay-325511/helpers/frontpanel.cpp
2026-02-23 09:47:57,734 - Knowledge - INFO - Processing batch of 4 files
2026-02-23 09:47:57,746 - Knowledge - INFO - [LLM_CALL] Completed: PowerImpl.h:chunk1, Duration: 111995ms, PromptTokens: 5740, CompletionTokens: 481, Cost: $0.00077
2026-02-23 09:47:57,914 - Knowledge - INFO - Worker kw8 processing /app/data/T0015/325511/b6423qn/entservices-deviceanddisplay-325511/Tests/L1Tests/tests/test_DeviceVideoCapabilities.cpp
2026-02-23 09:47:57,985 - Knowledge - INFO - process ingested knowledge for /app/data/T0015/325511/b6423qn/entservices-deviceanddisplay-325511/Tests/L1Tests/tests/test_DeviceDiagnostics.cpp
2026-02-23 09:47:58,026 - Knowledge - INFO - [kw14] Queue=52, InProgress=0, PendingWorkers=20/20, Completed=146/252 (57.9%)
2026-02-23 09:47:58,097 - Knowledge - INFO - Batch sizing: calculated=4, max_allowed=10, queue=52, active_workers=20/20
2026-02-23 09:47:58,375 - Knowledge - INFO - process ingested knowledge for /app/data/T0015/325511/b6423qn/entservices-deviceanddisplay-325511/SystemServices/uploadlogs.h
2026-02-23 09:47:58,558 - Knowledge - INFO - process ingested knowledge for /app/data/T0015/325511/b6423qn/entservices-deviceanddisplay-325511/helpers/UtilsProcess.h
2026-02-23 09:47:58,961 - Knowledge - INFO - process ingested knowledge for /app/data/T0015/325511/b6423qn/entservices-deviceanddisplay-325511/Tests/L1Tests/tests/test_DeviceAudioCapabilities.cpp
2026-02-23 09:47:59,275 - Knowledge - INFO - done ingest for /app/data/T0015/325511/b6423qn/entservices-deviceanddisplay-325511/PowerManager/hal/PowerImpl.h
2026-02-23 09:47:59,399 - Knowledge - INFO - Processing batch of 5 files
2026-02-23 09:47:59,450 - Knowledge - INFO - [LLM_CALL] Completed: kms.c:chunk1, Duration: 124308ms, PromptTokens: 3362, CompletionTokens: 798, Cost: $0.00066
2026-02-23 09:47:59,515 - Knowledge - INFO - Fast-tracked /app/data/T0015/325511/b6423qn/entservices-deviceanddisplay-325511/Tests/L1Tests/tests/test_DeviceVideoCapabilities.cpp (ext=.cpp, size=58180)
2026-02-23 09:48:00,329 - Knowledge - INFO - Batch sizing: calculated=4, max_allowed=10, queue=52, active_workers=20/20
2026-02-23 09:48:00,854 - Knowledge - INFO - process ingested knowledge for /app/data/T0015/325511/b6423qn/entservices-deviceanddisplay-325511/SystemServices/Module.h
2026-02-23 09:48:01,403 - Knowledge - INFO - process ingested knowledge for /app/data/T0015/325511/b6423qn/entservices-deviceanddisplay-325511/Tests/L1Tests/tests/test_DeviceInfo.cpp
2026-02-23 09:48:01,746 - Knowledge - INFO - process ingested knowledge for /app/data/T0015/325511/b6423qn/entservices-deviceanddisplay-325511/helpers/UtilsThreadRAII.h
2026-02-23 09:48:01,910 - Knowledge - INFO - done ingest for /app/data/T0015/325511/b6423qn/entservices-deviceanddisplay-325511/DisplayInfo/DeviceSettings/RPI/kms.c
2026-02-23 09:48:01,965 - Knowledge - INFO - [LLM_CALL] Completed: frontpanel.h:chunk1, Duration: 33834ms, PromptTokens: 2496, CompletionTokens: 967, Cost: $0.00064
2026-02-23 09:48:02,057 - Knowledge - INFO - Worker kw8 processing /app/data/T0015/325511/b6423qn/entservices-deviceanddisplay-325511/Tests/L1Tests/tests/test_PowerManagerSettings.cpp
2026-02-23 09:48:02,951 - Knowledge - INFO - done ingest for /app/data/T0015/325511/b6423qn/entservices-deviceanddisplay-325511/helpers/frontpanel.h
2026-02-23 09:48:03,002 - Knowledge - INFO - process ingested knowledge for /app/data/T0015/325511/b6423qn/entservices-deviceanddisplay-325511/SystemServices/platformcaps/platformcapsdata.h
2026-02-23 09:48:03,026 - Knowledge - INFO - process ingested knowledge for /app/data/T0015/325511/b6423qn/entservices-deviceanddisplay-325511/Tests/L1Tests/tests/test_DisplayInfo.cpp
2026-02-23 09:48:03,026 - Knowledge - INFO - [LLM_CALL] Completed: PluginInterfaceBuilder.h:chunk1, Duration: 36051ms, PromptTokens: 3240, CompletionTokens: 383, Cost: $0.00048
2026-02-23 09:48:03,036 - Knowledge - INFO - process ingested knowledge for /app/data/T0015/325511/b6423qn/entservices-deviceanddisplay-325511/helpers/UtilsTelemetry.h
2026-02-23 09:48:03,219 - Knowledge - INFO - Fast-tracked /app/data/T0015/325511/b6423qn/entservices-deviceanddisplay-325511/Tests/L1Tests/tests/test_PowerManagerSettings.cpp (ext=.cpp, size=7535)
2026-02-23 09:48:03,761 - Knowledge - INFO - done ingest for /app/data/T0015/325511/b6423qn/entservices-deviceanddisplay-325511/helpers/PluginInterfaceBuilder.h
2026-02-23 09:48:03,776 - Knowledge - INFO - Async storing batch of 5 embeddings
2026-02-23 09:48:03,851 - Knowledge - INFO - [LLM_CALL] Completed: SystemServices.h:chunk1, Duration: 74738ms, PromptTokens: 9960, CompletionTokens: 1008, Cost: $0.00140
2026-02-23 09:48:03,878 - Knowledge - INFO - process ingested knowledge for /app/data/T0015/325511/b6423qn/entservices-deviceanddisplay-325511/SystemServices/platformcaps/platformcapsdatarpc.cpp
2026-02-23 09:48:03,902 - Knowledge - INFO - process ingested knowledge for /app/data/T0015/325511/b6423qn/entservices-deviceanddisplay-325511/Tests/L1Tests/tests/test_DeviceInfoWeb.cpp
2026-02-23 09:48:03,912 - Knowledge - INFO - process ingested knowledge for /app/data/T0015/325511/b6423qn/entservices-deviceanddisplay-325511/helpers/UtilsgetFileContent.h
2026-02-23 09:48:04,060 - Knowledge - INFO - Async storage completed for 6 embeddings
2026-02-23 09:48:04,362 - Knowledge - INFO - Worker kw15 processing /app/data/T0015/325511/b6423qn/entservices-deviceanddisplay-325511/Tests/L1Tests/tests/test_SystemServices.cpp
2026-02-23 09:48:04,454 - Knowledge - INFO - done ingest for /app/data/T0015/325511/b6423qn/entservices-deviceanddisplay-325511/SystemServices/SystemServices.h
2026-02-23 09:48:04,502 - Knowledge - WARNING - Timeout processing /app/data/T0015/325511/b6423qn/entservices-deviceanddisplay-325511/DisplayInfo/DeviceSettings/PlatformImplementation.cpp after 90s - using fallback metadata
2026-02-23 09:48:04,537 - Knowledge - INFO - Async storing batch of 4 embeddings
2026-02-23 09:48:04,544 - Knowledge - INFO - [WEBSOCKET] Sent: Type=progress_update, Size: 291, Duration: 730ms
2026-02-23 09:48:05,237 - Knowledge - INFO - Fast-tracked /app/data/T0015/325511/b6423qn/entservices-deviceanddisplay-325511/Tests/L1Tests/tests/test_SystemServices.cpp (ext=.cpp, size=309675)
2026-02-23 09:48:05,293 - Knowledge - INFO - process ingested knowledge for /app/data/T0015/325511/b6423qn/entservices-deviceanddisplay-325511/helpers/WebSockets/WSEndpoint.cpp
2026-02-23 09:48:05,707 - Knowledge - INFO - Worker kw14 processing /app/data/T0015/325511/b6423qn/entservices-deviceanddisplay-325511/Tests/L1Tests/tests/test_FrameRate.cpp
2026-02-23 09:48:05,981 - Knowledge - INFO - [LLM_CALL] Completed: UtilsController.h:chunk1, Duration: 38937ms, PromptTokens: 4042, CompletionTokens: 673, Cost: $0.00067
2026-02-23 09:48:06,077 - Knowledge - INFO - Worker kw15 processing /app/data/T0015/325511/b6423qn/entservices-deviceanddisplay-325511/Tests/L1Tests/tests/test_PowerManagerThermalController.cpp
2026-02-23 09:48:06,435 - Knowledge - INFO - Fast-tracked /app/data/T0015/325511/b6423qn/entservices-deviceanddisplay-325511/Tests/L1Tests/tests/test_FrameRate.cpp (ext=.cpp, size=35742)
2026-02-23 09:48:06,540 - Knowledge - INFO - done ingest for /app/data/T0015/325511/b6423qn/entservices-deviceanddisplay-325511/helpers/UtilsController.h
2026-02-23 09:48:06,559 - Knowledge - INFO - process ingested knowledge for /app/data/T0015/325511/b6423qn/entservices-deviceanddisplay-325511/helpers/WebSockets/PingPong/PingPongDisabled.h
2026-02-23 09:48:06,601 - Knowledge - INFO - [WEBSOCKET] Sent: Type=unknown, Size: ?, Duration: 2787ms
2026-02-23 09:48:06,750 - Knowledge - INFO - Fast-tracked /app/data/T0015/325511/b6423qn/entservices-deviceanddisplay-325511/Tests/L1Tests/tests/test_PowerManagerThermalController.cpp (ext=.cpp, size=8912)
2026-02-23 09:48:06,803 - Knowledge - INFO - Worker kw14 processing /app/data/T0015/325511/b6423qn/entservices-deviceanddisplay-325511/Tests/entServicesCOMRPC-FrameRateTest.cpp
2026-02-23 09:48:07,228 - Knowledge - INFO - Progress: 59.1% | Files: 160/252 | Rate: 1.06 files/sec | Queue: 44
2026-02-23 09:48:07,244 - Knowledge - INFO - [LLM_CALL] Completed: PowerManagerImplementation.cpp:chunk1, Duration: 115014ms, PromptTokens: 17834, CompletionTokens: 1646, Cost: $0.00244
2026-02-23 09:48:07,812 - Knowledge - INFO - Worker kw15 processing /app/data/T0015/325511/b6423qn/entservices-deviceanddisplay-325511/Tests/L1Tests/tests/test_Warehouse.cpp
2026-02-23 09:48:07,989 - Knowledge - INFO - Fast-tracked /app/data/T0015/325511/b6423qn/entservices-deviceanddisplay-325511/Tests/entServicesCOMRPC-FrameRateTest.cpp (ext=.cpp, size=10069)
2026-02-23 09:48:08,281 - Knowledge - INFO - done ingest for /app/data/T0015/325511/b6423qn/entservices-deviceanddisplay-325511/PowerManager/PowerManagerImplementation.cpp
2026-02-23 09:48:08,287 - Knowledge - INFO - Processing batch of 5 files
2026-02-23 09:48:08,334 - Knowledge - INFO - [LLM_CALL] Completed: SystemServicesHelper.h:chunk1, Duration: 109108ms, PromptTokens: 6836, CompletionTokens: 1073, Cost: $0.00111
2026-02-23 09:48:08,462 - Knowledge - INFO - Fast-tracked /app/data/T0015/325511/b6423qn/entservices-deviceanddisplay-325511/Tests/L1Tests/tests/test_Warehouse.cpp (ext=.cpp, size=20519)
2026-02-23 09:48:08,480 - Knowledge - INFO - [kw10] Queue=44, InProgress=0, PendingWorkers=20/20, Completed=160/252 (63.5%)
2026-02-23 09:48:08,480 - Knowledge - INFO - [kw2] Queue=44, InProgress=0, PendingWorkers=20/20, Completed=161/252 (63.9%)
2026-02-23 09:48:08,567 - Knowledge - INFO - Worker kw14 processing /app/data/T0015/325511/b6423qn/entservices-deviceanddisplay-325511/Tests/clang.cmake
2026-02-23 09:48:08,867 - Knowledge - INFO - process ingested knowledge for /app/data/T0015/325511/b6423qn/entservices-deviceanddisplay-325511/helpers/WebSockets/Encryption/TlsEnabled.h
2026-02-23 09:48:09,050 - Knowledge - INFO - done ingest for /app/data/T0015/325511/b6423qn/entservices-deviceanddisplay-325511/SystemServices/SystemServicesHelper.h
2026-02-23 09:48:09,111 - Knowledge - INFO - [WEBSOCKET] Sent: Type=progress_update, Size: 293, Duration: 783ms
2026-02-23 09:48:09,240 - Knowledge - INFO - Worker kw15 processing /app/data/T0015/325511/b6423qn/entservices-deviceanddisplay-325511/Tests/L1Tests/tests/test_DeviceInfoJsonRpc.cpp
2026-02-23 09:48:09,388 - Knowledge - INFO - Batch sizing: calculated=4, max_allowed=10, queue=44, active_workers=20/20
2026-02-23 09:48:09,520 - Knowledge - INFO - Batch sizing: calculated=4, max_allowed=10, queue=44, active_workers=20/20
2026-02-23 09:48:09,609 - Knowledge - INFO - Fast-tracked /app/data/T0015/325511/b6423qn/entservices-deviceanddisplay-325511/Tests/clang.cmake (ext=.cmake, size=1339)
2026-02-23 09:48:09,710 - Knowledge - INFO - process ingested knowledge for /app/data/T0015/325511/b6423qn/entservices-deviceanddisplay-325511/helpers/WebSockets/Encryption/NoEncryption.h
2026-02-23 09:48:09,903 - Knowledge - INFO - [LLM_CALL] Completed: UtilsInputValidator.h:chunk1, Duration: 35513ms, PromptTokens: 4870, CompletionTokens: 505, Cost: $0.00069
2026-02-23 09:48:09,992 - Knowledge - INFO - Fast-tracked /app/data/T0015/325511/b6423qn/entservices-deviceanddisplay-325511/Tests/L1Tests/tests/test_DeviceInfoJsonRpc.cpp (ext=.cpp, size=19674)
2026-02-23 09:48:10,281 - Knowledge - INFO - Worker kw14 processing /app/data/T0015/325511/b6423qn/entservices-deviceanddisplay-325511/Tests/gcc-with-coverage.cmake
2026-02-23 09:48:10,355 - Knowledge - INFO - process ingested knowledge for /app/data/T0015/325511/b6423qn/entservices-deviceanddisplay-325511/helpers/WebSockets/CommunicationInterface/BinaryInterface.h
2026-02-23 09:48:10,430 - Knowledge - INFO - done ingest for /app/data/T0015/325511/b6423qn/entservices-deviceanddisplay-325511/helpers/UtilsInputValidator.h
2026-02-23 09:48:10,433 - Knowledge - INFO - [LLM_CALL] Completed: SystemServicesHelper.cpp:chunk1, Duration: 74358ms, PromptTokens: 10462, CompletionTokens: 1371, Cost: $0.00159
2026-02-23 09:48:10,504 - Knowledge - INFO - Async storage completed for 5 embeddings
2026-02-23 09:48:10,584 - Knowledge - INFO - Fast-tracked /app/data/T0015/325511/b6423qn/entservices-deviceanddisplay-325511/Tests/gcc-with-coverage.cmake (ext=.cmake, size=756)
2026-02-23 09:48:10,671 - Knowledge - INFO - process ingested knowledge for /app/data/T0015/325511/b6423qn/entservices-deviceanddisplay-325511/helpers/WebSockets/CommunicationInterface/JsonRpcInterface.h
2026-02-23 09:48:11,149 - Knowledge - INFO - done ingest for /app/data/T0015/325511/b6423qn/entservices-deviceanddisplay-325511/SystemServices/SystemServicesHelper.cpp
2026-02-23 09:48:11,154 - Knowledge - INFO - [kw17] Queue=36, InProgress=0, PendingWorkers=20/20, Completed=168/252 (66.7%)
2026-02-23 09:48:11,241 - Knowledge - INFO - Async storing batch of 5 embeddings
2026-02-23 09:48:11,268 - Knowledge - INFO - Async storing batch of 4 embeddings
2026-02-23 09:48:11,269 - Knowledge - INFO - [LLM_CALL] Completed: tptimer.h:chunk1, Duration: 36226ms, PromptTokens: 2270, CompletionTokens: 505, Cost: $0.00043
2026-02-23 09:48:11,495 - Knowledge - INFO - Async storage completed for 4 embeddings
2026-02-23 09:48:11,568 - Knowledge - INFO - process ingested knowledge for /app/data/T0015/325511/b6423qn/entservices-deviceanddisplay-325511/helpers/WebSockets/CommunicationInterface/CommandInterface.h
2026-02-23 09:48:12,224 - Knowledge - INFO - Batch sizing: calculated=4, max_allowed=10, queue=36, active_workers=20/20
2026-02-23 09:48:12,350 - Knowledge - INFO - Worker kw10 processing /app/data/T0015/325511/b6423qn/entservices-deviceanddisplay-325511/Tests/CMakeLists.txt
2026-02-23 09:48:12,423 - Knowledge - INFO - Worker kw2 processing /app/data/T0015/325511/b6423qn/entservices-deviceanddisplay-325511/Tests/L2Tests/tests/DeviceInfo_L2Test.cpp
2026-02-23 09:48:12,538 - Knowledge - INFO - done ingest for /app/data/T0015/325511/b6423qn/entservices-deviceanddisplay-325511/helpers/tptimer.h
2026-02-23 09:48:12,539 - Knowledge - INFO - [kw13] Queue=36, InProgress=0, PendingWorkers=20/20, Completed=169/252 (67.1%)
2026-02-23 09:48:12,541 - Knowledge - INFO - Processing batch of 5 files
2026-02-23 09:48:12,541 - Knowledge - INFO - [WEBSOCKET] Sent: Type=unknown, Size: ?, Duration: 2108ms
2026-02-23 09:48:12,909 - Knowledge - INFO - Fast-tracked /app/data/T0015/325511/b6423qn/entservices-deviceanddisplay-325511/Tests/CMakeLists.txt (ext=.txt, size=3074)
2026-02-23 09:48:12,989 - Knowledge - INFO - Fast-tracked /app/data/T0015/325511/b6423qn/entservices-deviceanddisplay-325511/Tests/L2Tests/tests/DeviceInfo_L2Test.cpp (ext=.cpp, size=88047)
2026-02-23 09:48:13,190 - Knowledge - INFO - Batch sizing: calculated=4, max_allowed=10, queue=36, active_workers=20/20
2026-02-23 09:48:13,272 - Knowledge - INFO - process ingested knowledge for /app/data/T0015/325511/b6423qn/entservices-deviceanddisplay-325511/DisplayInfo/cmake/FindNXCLIENT.cmake
2026-02-23 09:48:13,385 - Knowledge - INFO - Progress: 63.1% | Files: 173/252 | Rate: 1.11 files/sec | Queue: 32
2026-02-23 09:48:13,385 - Knowledge - INFO - [LLM_CALL] Completed: UtilsSynchro.hpp:chunk1, Duration: 31567ms, PromptTokens: 2894, CompletionTokens: 534, Cost: $0.00050
2026-02-23 09:48:13,498 - Knowledge - INFO - Worker kw10 processing /app/data/T0015/325511/b6423qn/entservices-deviceanddisplay-325511/Tests/L2Tests/CMakeLists.txt
2026-02-23 09:48:13,573 - Knowledge - INFO - Worker kw2 processing /app/data/T0015/325511/b6423qn/entservices-deviceanddisplay-325511/Tests/L2Tests/tests/PowerManager_L2Test.cpp
2026-02-23 09:48:13,723 - Knowledge - INFO - process ingested knowledge for /app/data/T0015/325511/b6423qn/entservices-deviceanddisplay-325511/DisplayInfo/cmake/FindNEXUS.cmake
2026-02-23 09:48:13,792 - Knowledge - INFO - [kw6] Queue=28, InProgress=0, PendingWorkers=20/20, Completed=173/252 (68.7%)
2026-02-23 09:48:13,866 - Knowledge - INFO - done ingest for /app/data/T0015/325511/b6423qn/entservices-deviceanddisplay-325511/helpers/UtilsSynchro.hpp
2026-02-23 09:48:13,867 - Knowledge - INFO - [LLM_CALL] Completed: platformcapsdata.cpp:chunk1, Duration: 104771ms, PromptTokens: 8862, CompletionTokens: 751, Cost: $0.00119
2026-02-23 09:48:13,949 - Knowledge - INFO - Fast-tracked /app/data/T0015/325511/b6423qn/entservices-deviceanddisplay-325511/Tests/L2Tests/CMakeLists.txt (ext=.txt, size=3393)
2026-02-23 09:48:14,049 - Knowledge - INFO - Fast-tracked /app/data/T0015/325511/b6423qn/entservices-deviceanddisplay-325511/Tests/L2Tests/tests/PowerManager_L2Test.cpp (ext=.cpp, size=66838)
2026-02-23 09:48:14,169 - Knowledge - INFO - process ingested knowledge for /app/data/T0015/325511/b6423qn/entservices-deviceanddisplay-325511/DisplayInfo/cmake/FindBCM_HOST.cmake
2026-02-23 09:48:14,242 - Knowledge - INFO - Batch sizing: calculated=4, max_allowed=10, queue=28, active_workers=20/20
2026-02-23 09:48:14,414 - Knowledge - INFO - done ingest for /app/data/T0015/325511/b6423qn/entservices-deviceanddisplay-325511/SystemServices/platformcaps/platformcapsdata.cpp
2026-02-23 09:48:14,414 - Knowledge - INFO - [WEBSOCKET] Sent: Type=progress_update, Size: 292, Duration: 1875ms
2026-02-23 09:48:14,492 - Knowledge - INFO - Worker kw10 processing /app/data/T0015/325511/b6423qn/entservices-deviceanddisplay-325511/Tests/L2Tests/tests/SystemMode_L2Test.cpp
2026-02-23 09:48:14,603 - Knowledge - INFO - Worker kw2 processing /app/data/T0015/325511/b6423qn/entservices-deviceanddisplay-325511/Tests/L2Tests/tests/DeviceDiagnostics_L2Test.cpp
2026-02-23 09:48:14,681 - Knowledge - INFO - process ingested knowledge for /app/data/T0015/325511/b6423qn/entservices-deviceanddisplay-325511/DisplayInfo/DeviceSettings/SoC_abstraction.h
2026-02-23 09:48:15,418 - Knowledge - INFO - Async storing batch of 5 embeddings
2026-02-23 09:48:15,454 - Knowledge - INFO - Fast-tracked /app/data/T0015/325511/b6423qn/entservices-deviceanddisplay-325511/Tests/L2Tests/tests/SystemMode_L2Test.cpp (ext=.cpp, size=30994)
2026-02-23 09:48:15,454 - Knowledge - INFO - Async storing batch of 4 embeddings
2026-02-23 09:48:15,468 - Knowledge - INFO - Progress: 66.7% | Files: 180/252 | Rate: 1.13 files/sec | Queue: 24
2026-02-23 09:48:15,487 - Knowledge - INFO - Async storing batch of 5 embeddings
2026-02-23 09:48:15,531 - Knowledge - INFO - Processing batch of 4 files
2026-02-23 09:48:15,533 - Knowledge - INFO - Fast-tracked /app/data/T0015/325511/b6423qn/entservices-deviceanddisplay-325511/Tests/L2Tests/tests/DeviceDiagnostics_L2Test.cpp (ext=.cpp, size=27342)
2026-02-23 09:48:15,535 - Knowledge - INFO - [LLM_CALL] Completed: thermonitor.cpp:chunk1, Duration: 91695ms, PromptTokens: 3464, CompletionTokens: 796, Cost: $0.00066
2026-02-23 09:48:15,615 - Knowledge - INFO - process ingested knowledge for /app/data/T0015/325511/b6423qn/entservices-deviceanddisplay-325511/DisplayInfo/DeviceSettings/PlatformImplementation.cpp
2026-02-23 09:48:15,696 - Knowledge - INFO - Worker kw13 processing /app/data/T0015/325511/b6423qn/entservices-deviceanddisplay-325511/Warehouse/Warehouse.cpp
2026-02-23 09:48:15,778 - Knowledge - INFO - Worker kw10 processing /app/data/T0015/325511/b6423qn/entservices-deviceanddisplay-325511/Tests/L2Tests/tests/SystemService_L2Test.cpp
2026-02-23 09:48:15,865 - Knowledge - INFO - Worker kw6 processing /app/data/T0015/325511/b6423qn/entservices-deviceanddisplay-325511/Warehouse/cmake/FindIARMBus.cmake
2026-02-23 09:48:15,949 - Knowledge - INFO - [kw7] Queue=24, InProgress=0, PendingWorkers=20/20, Completed=186/252 (73.8%)
2026-02-23 09:48:16,059 - Knowledge - INFO - Worker kw17 processing /app/data/T0015/325511/b6423qn/entservices-deviceanddisplay-325511/Tests/L2Tests/tests/DisplaySettings_L2Test.cpp
2026-02-23 09:48:16,171 - Knowledge - INFO - process ingested knowledge for /app/data/T0015/325511/b6423qn/entservices-deviceanddisplay-325511/helpers/WebSockets/JsonRpc/Notification.h
2026-02-23 09:48:16,257 - Knowledge - INFO - Worker kw2 processing /app/data/T0015/325511/b6423qn/entservices-deviceanddisplay-325511/Tests/L2Tests/tests/Warehouse_L2Test.cpp
2026-02-23 09:48:16,366 - Knowledge - INFO - done ingest for /app/data/T0015/325511/b6423qn/entservices-deviceanddisplay-325511/SystemServices/thermonitor.cpp
2026-02-23 09:48:16,371 - Knowledge - INFO - [WEBSOCKET] Sent: Type=progress_update, Size: 292, Duration: 836ms
2026-02-23 09:48:16,522 - Knowledge - INFO - Worker kw13 processing /app/data/T0015/325511/b6423qn/entservices-deviceanddisplay-325511/Warehouse/Module.h
2026-02-23 09:48:16,603 - Knowledge - INFO - Fast-tracked /app/data/T0015/325511/b6423qn/entservices-deviceanddisplay-325511/Tests/L2Tests/tests/SystemService_L2Test.cpp (ext=.cpp, size=25044)
2026-02-23 09:48:16,724 - Knowledge - INFO - Fast-tracked /app/data/T0015/325511/b6423qn/entservices-deviceanddisplay-325511/Warehouse/cmake/FindIARMBus.cmake (ext=.cmake, size=1945)
2026-02-23 09:48:16,789 - Knowledge - INFO - Batch sizing: calculated=4, max_allowed=10, queue=24, active_workers=20/20
2026-02-23 09:48:16,862 - Knowledge - INFO - Fast-tracked /app/data/T0015/325511/b6423qn/entservices-deviceanddisplay-325511/Tests/L2Tests/tests/DisplaySettings_L2Test.cpp (ext=.cpp, size=20163)
2026-02-23 09:48:16,972 - Knowledge - INFO - process ingested knowledge for /app/data/T0015/325511/b6423qn/entservices-deviceanddisplay-325511/helpers/WebSockets/JsonRpc/Request.h
2026-02-23 09:48:17,045 - Knowledge - INFO - Fast-tracked /app/data/T0015/325511/b6423qn/entservices-deviceanddisplay-325511/Tests/L2Tests/tests/Warehouse_L2Test.cpp (ext=.cpp, size=56496)
2026-02-23 09:48:17,173 - Knowledge - WARNING - Timeout processing /app/data/T0015/325511/b6423qn/entservices-deviceanddisplay-325511/SystemServices/platformcaps/platformcaps.cpp after 90s - using fallback metadata
2026-02-23 09:48:17,252 - Knowledge - INFO - Processing batch of 4 files
2026-02-23 09:48:17,253 - Knowledge - INFO - Processing batch of 4 files
2026-02-23 09:48:17,254 - Knowledge - INFO - [WEBSOCKET] Sent: Type=unknown, Size: ?, Duration: 1719ms
2026-02-23 09:48:17,336 - Knowledge - INFO - Fast-tracked /app/data/T0015/325511/b6423qn/entservices-deviceanddisplay-325511/Warehouse/Module.h (ext=.h, size=873)
2026-02-23 09:48:17,424 - Knowledge - INFO - Async storage completed for 5 embeddings
2026-02-23 09:48:17,526 - Knowledge - INFO - Worker kw6 processing /app/data/T0015/325511/b6423qn/entservices-deviceanddisplay-325511/Warehouse/cmake/FindDS.cmake
2026-02-23 09:48:17,685 - Knowledge - INFO - Worker kw17 processing /app/data/T0015/325511/b6423qn/entservices-deviceanddisplay-325511/Tests/L2Tests/tests/FrameRate_L2Test.cpp
2026-02-23 09:48:17,804 - Knowledge - INFO - process ingested knowledge for /app/data/T0015/325511/b6423qn/entservices-deviceanddisplay-325511/helpers/frontpanel.cpp
2026-02-23 09:48:17,915 - Knowledge - INFO - Async storage completed for 4 embeddings
2026-02-23 09:48:18,126 - Knowledge - INFO - process ingested knowledge for /app/data/T0015/325511/b6423qn/entservices-deviceanddisplay-325511/Tests/L1Tests/tests/test_UserPreferences.cpp
2026-02-23 09:48:18,249 - Knowledge - INFO - process ingested knowledge for /app/data/T0015/325511/b6423qn/entservices-deviceanddisplay-325511/helpers/UtilsfileExists.h
2026-02-23 09:48:18,336 - Knowledge - INFO - Progress: 71.8% | Files: 198/252 | Rate: 1.20 files/sec | Queue: 20
2026-02-23 09:48:18,337 - Knowledge - INFO - Processing batch of 4 files
2026-02-23 09:48:18,337 - Knowledge - INFO - [kw11] Queue=20, InProgress=0, PendingWorkers=20/20, Completed=200/252 (79.4%)
2026-02-23 09:48:18,337 - Knowledge - INFO - Processing batch of 5 files
2026-02-23 09:48:18,337 - Knowledge - INFO - Processing batch of 6 files
2026-02-23 09:48:18,338 - Knowledge - INFO - Processing batch of 5 files
2026-02-23 09:48:18,339 - Knowledge - INFO - Async storing batch of 4 embeddings
2026-02-23 09:48:18,360 - Knowledge - INFO - Processing batch of 4 files
2026-02-23 09:48:18,361 - Knowledge - INFO - Processing batch of 4 files
2026-02-23 09:48:18,364 - Knowledge - INFO - Processing batch of 6 files
2026-02-23 09:48:18,364 - Knowledge - INFO - Processing batch of 4 files
2026-02-23 09:48:18,372 - Knowledge - INFO - Processing batch of 5 files
2026-02-23 09:48:18,421 - Knowledge - INFO - Worker kw13 processing /app/data/T0015/325511/b6423qn/entservices-deviceanddisplay-325511/Warehouse/WarehouseImplementation.cpp
2026-02-23 09:48:18,524 - Knowledge - INFO - Processing batch of 4 files
2026-02-23 09:48:18,592 - Knowledge - INFO - Fast-tracked /app/data/T0015/325511/b6423qn/entservices-deviceanddisplay-325511/Warehouse/cmake/FindDS.cmake (ext=.cmake, size=1752)
2026-02-23 09:48:18,670 - Knowledge - INFO - Fast-tracked /app/data/T0015/325511/b6423qn/entservices-deviceanddisplay-325511/Tests/L2Tests/tests/FrameRate_L2Test.cpp (ext=.cpp, size=34242)
2026-02-23 09:48:18,763 - Knowledge - INFO - process ingested knowledge for /app/data/T0015/325511/b6423qn/entservices-deviceanddisplay-325511/helpers/cSettings.h
2026-02-23 09:48:18,872 - Knowledge - INFO - Processing batch of 4 files
2026-02-23 09:48:18,918 - Knowledge - INFO - process ingested knowledge for /app/data/T0015/325511/b6423qn/entservices-deviceanddisplay-325511/Tests/L1Tests/tests/test_UtilsFile.cpp
2026-02-23 09:48:18,991 - Knowledge - INFO - process ingested knowledge for /app/data/T0015/325511/b6423qn/entservices-deviceanddisplay-325511/helpers/PowerManagerInterface.h
2026-02-23 09:48:19,093 - Knowledge - INFO - [kw18] Queue=20, InProgress=0, PendingWorkers=20/20, Completed=216/252 (85.7%)
2026-02-23 09:48:19,173 - Knowledge - INFO - process ingested knowledge for /app/data/T0015/325511/b6423qn/entservices-deviceanddisplay-325511/Tests/L1Tests/tests/test_FrameRate.cpp
2026-02-23 09:48:19,240 - Knowledge - INFO - Batch sizing: calculated=4, max_allowed=10, queue=20, active_workers=20/20
2026-02-23 09:48:19,391 - Knowledge - INFO - process ingested knowledge for /app/data/T0015/325511/b6423qn/entservices-deviceanddisplay-325511/SystemServices/SystemServicesHelper.h
2026-02-23 09:48:19,488 - Knowledge - INFO - process ingested knowledge for /app/data/T0015/325511/b6423qn/entservices-deviceanddisplay-325511/PowerManager/DeepSleepController.h
2026-02-23 09:48:19,564 - Knowledge - INFO - process ingested knowledge for /app/data/T0015/325511/b6423qn/entservices-deviceanddisplay-325511/DisplayInfo/DeviceSettings/RPI/kms.c
2026-02-23 09:48:19,707 - Knowledge - INFO - Worker kw7 processing /app/data/T0015/325511/b6423qn/entservices-deviceanddisplay-325511/Warehouse/Module.cpp
2026-02-23 09:48:19,775 - Knowledge - INFO - process ingested knowledge for /app/data/T0015/325511/b6423qn/entservices-deviceanddisplay-325511/Tests/L1Tests/tests/test_SystemServices.cpp
2026-02-23 09:48:19,866 - Knowledge - INFO - process ingested knowledge for /app/data/T0015/325511/b6423qn/entservices-deviceanddisplay-325511/helpers/PluginInterfaceBuilder.h
2026-02-23 09:48:19,948 - Knowledge - INFO - process ingested knowledge for /app/data/T0015/325511/b6423qn/entservices-deviceanddisplay-325511/PowerManager/PowerController.h
2026-02-23 09:48:20,040 - Knowledge - INFO - process ingested knowledge for /app/data/T0015/325511/b6423qn/entservices-deviceanddisplay-325511/helpers/UtilsController.h
2026-02-23 09:48:20,173 - Knowledge - INFO - process ingested knowledge for /app/data/T0015/325511/b6423qn/entservices-deviceanddisplay-325511/SystemServices/platformcaps/platformcaps.h
2026-02-23 09:48:20,249 - Knowledge - INFO - Worker kw13 processing /app/data/T0015/325511/b6423qn/entservices-deviceanddisplay-325511/Warehouse/CMakeLists.txt
2026-02-23 09:48:20,348 - Knowledge - INFO - process ingested knowledge for /app/data/T0015/325511/b6423qn/entservices-deviceanddisplay-325511/Tests/CMakeLists.txt
2026-02-23 09:48:20,424 - Knowledge - INFO - Worker kw6 processing /app/data/T0015/325511/b6423qn/entservices-deviceanddisplay-325511/Warehouse/Warehouse.h
2026-02-23 09:48:20,552 - Knowledge - INFO - Worker kw17 processing /app/data/T0015/325511/b6423qn/entservices-deviceanddisplay-325511/Tests/L2Tests/tests/UserPreferences_L2Test.cpp
2026-02-23 09:48:20,709 - Knowledge - INFO - process ingested knowledge for /app/data/T0015/325511/b6423qn/entservices-deviceanddisplay-325511/Tests/L2Tests/tests/DeviceInfo_L2Test.cpp
2026-02-23 09:48:20,800 - Knowledge - INFO - process ingested knowledge for /app/data/T0015/325511/b6423qn/entservices-deviceanddisplay-325511/Tests/L1Tests/tests/test_DeviceVideoCapabilities.cpp
2026-02-23 09:48:20,891 - Knowledge - INFO - process ingested knowledge for /app/data/T0015/325511/b6423qn/entservices-deviceanddisplay-325511/helpers/UtilsSearchRDKProfile.h
2026-02-23 09:48:20,963 - Knowledge - INFO - Batch sizing: calculated=4, max_allowed=10, queue=20, active_workers=20/20
2026-02-23 09:48:21,035 - Knowledge - INFO - [WEBSOCKET] Sent: Type=progress_update, Size: 291, Duration: 0ms
2026-02-23 09:48:21,050 - Knowledge - INFO - process ingested knowledge for /app/data/T0015/325511/b6423qn/entservices-deviceanddisplay-325511/Tests/entServicesCOMRPC-FrameRateTest.cpp
2026-02-23 09:48:21,263 - Knowledge - INFO - process ingested knowledge for /app/data/T0015/325511/b6423qn/entservices-deviceanddisplay-325511/SystemServices/TestClient/Module.h
2026-02-23 09:48:21,353 - Knowledge - INFO - process ingested knowledge for /app/data/T0015/325511/b6423qn/entservices-deviceanddisplay-325511/PowerManager/PowerManager.cpp
2026-02-23 09:48:21,429 - Knowledge - INFO - process ingested knowledge for /app/data/T0015/325511/b6423qn/entservices-deviceanddisplay-325511/DisplayInfo/DeviceSettings/RPI/kms.h
2026-02-23 09:48:21,503 - Knowledge - INFO - Fast-tracked /app/data/T0015/325511/b6423qn/entservices-deviceanddisplay-325511/Warehouse/Module.cpp (ext=.cpp, size=765)
2026-02-23 09:48:21,619 - Knowledge - INFO - process ingested knowledge for /app/data/T0015/325511/b6423qn/entservices-deviceanddisplay-325511/Tests/L1Tests/tests/test_PowerManagerThermalController.cpp
2026-02-23 09:48:21,720 - Knowledge - INFO - process ingested knowledge for /app/data/T0015/325511/b6423qn/entservices-deviceanddisplay-325511/helpers/UtilsInputValidator.h
2026-02-23 09:48:21,810 - Knowledge - INFO - process ingested knowledge for /app/data/T0015/325511/b6423qn/entservices-deviceanddisplay-325511/PowerManager/Settings.h
2026-02-23 09:48:21,882 - Knowledge - INFO - process ingested knowledge for /app/data/T0015/325511/b6423qn/entservices-deviceanddisplay-325511/helpers/UtilsUnused.h
2026-02-23 09:48:21,984 - Knowledge - INFO - process ingested knowledge for /app/data/T0015/325511/b6423qn/entservices-deviceanddisplay-325511/SystemServices/platformcaps/platformcaps.cpp
2026-02-23 09:48:22,066 - Knowledge - INFO - Fast-tracked /app/data/T0015/325511/b6423qn/entservices-deviceanddisplay-325511/Warehouse/CMakeLists.txt (ext=.txt, size=3745)
2026-02-23 09:48:22,427 - Knowledge - INFO - process ingested knowledge for /app/data/T0015/325511/b6423qn/entservices-deviceanddisplay-325511/Tests/L2Tests/CMakeLists.txt
2026-02-23 09:48:22,526 - Knowledge - INFO - Worker kw6 processing /app/data/T0015/325511/b6423qn/entservices-deviceanddisplay-325511/Warehouse/README.md
2026-02-23 09:48:22,653 - Knowledge - INFO - Fast-tracked /app/data/T0015/325511/b6423qn/entservices-deviceanddisplay-325511/Tests/L2Tests/tests/UserPreferences_L2Test.cpp (ext=.cpp, size=10619)
2026-02-23 09:48:22,781 - Knowledge - INFO - process ingested knowledge for /app/data/T0015/325511/b6423qn/entservices-deviceanddisplay-325511/Tests/L2Tests/tests/PowerManager_L2Test.cpp
2026-02-23 09:48:22,886 - Knowledge - INFO - process ingested knowledge for /app/data/T0015/325511/b6423qn/entservices-deviceanddisplay-325511/Tests/L1Tests/tests/test_PowerManagerSettings.cpp
2026-02-23 09:48:22,956 - Knowledge - INFO - process ingested knowledge for /app/data/T0015/325511/b6423qn/entservices-deviceanddisplay-325511/helpers/frontpanel.h
2026-02-23 09:48:23,284 - Knowledge - INFO - Async storing batch of 5 embeddings
2026-02-23 09:48:23,284 - Knowledge - INFO - [WEBSOCKET] Sent: Type=unknown, Size: ?, Duration: 2249ms
2026-02-23 09:48:23,284 - Knowledge - INFO - Async storing batch of 5 embeddings
2026-02-23 09:48:23,356 - Knowledge - INFO - process ingested knowledge for /app/data/T0015/325511/b6423qn/entservices-deviceanddisplay-325511/Tests/clang.cmake
2026-02-23 09:48:23,478 - Knowledge - INFO - process ingested knowledge for /app/data/T0015/325511/b6423qn/entservices-deviceanddisplay-325511/SystemServices/TestClient/systemServiceTestClient.cpp
2026-02-23 09:48:23,564 - Knowledge - INFO - process ingested knowledge for /app/data/T0015/325511/b6423qn/entservices-deviceanddisplay-325511/PowerManager/AckController.h
2026-02-23 09:48:23,641 - Knowledge - INFO - process ingested knowledge for /app/data/T0015/325511/b6423qn/entservices-deviceanddisplay-325511/DisplayInfo/DeviceSettings/RPI/SoC_abstraction.cpp
2026-02-23 09:48:23,737 - Knowledge - INFO - Worker kw7 processing /app/data/T0015/325511/b6423qn/entservices-deviceanddisplay-325511/Warehouse/CHANGELOG.md
2026-02-23 09:48:23,853 - Knowledge - INFO - process ingested knowledge for /app/data/T0015/325511/b6423qn/entservices-deviceanddisplay-325511/Tests/L1Tests/tests/test_Warehouse.cpp
2026-02-23 09:48:23,946 - Knowledge - INFO - process ingested knowledge for /app/data/T0015/325511/b6423qn/entservices-deviceanddisplay-325511/helpers/UtilsSynchro.hpp
2026-02-23 09:48:24,020 - Knowledge - INFO - process ingested knowledge for /app/data/T0015/325511/b6423qn/entservices-deviceanddisplay-325511/PowerManager/ThermalController.h
2026-02-23 09:48:24,112 - Knowledge - INFO - process ingested knowledge for /app/data/T0015/325511/b6423qn/entservices-deviceanddisplay-325511/helpers/tptimer.h
2026-02-23 09:48:24,192 - Knowledge - INFO - process ingested knowledge for /app/data/T0015/325511/b6423qn/entservices-deviceanddisplay-325511/SystemServices/platformcaps/platformcapsdata.cpp
2026-02-23 09:48:24,334 - Knowledge - INFO - process ingested knowledge for /app/data/T0015/325511/b6423qn/entservices-deviceanddisplay-325511/Tests/L2Tests/tests/SystemMode_L2Test.cpp
2026-02-23 09:48:24,408 - Knowledge - INFO - Fast-tracked /app/data/T0015/325511/b6423qn/entservices-deviceanddisplay-325511/Warehouse/README.md (ext=.md, size=242)
2026-02-23 09:48:24,478 - Knowledge - INFO - Worker kw17 processing /app/data/T0015/325511/b6423qn/entservices-deviceanddisplay-325511/Tests/README.md
2026-02-23 09:48:24,582 - Knowledge - INFO - process ingested knowledge for /app/data/T0015/325511/b6423qn/entservices-deviceanddisplay-325511/Tests/L2Tests/tests/DeviceDiagnostics_L2Test.cpp
2026-02-23 09:48:24,861 - Knowledge - INFO - Worker kw11 processing /app/data/T0015/325511/b6423qn/entservices-deviceanddisplay-325511/FrameRate/Module.h
2026-02-23 09:48:24,972 - Knowledge - INFO - Progress: 85.7% | Files: 216/252 | Rate: 1.27 files/sec | Queue: 12
2026-02-23 09:48:25,047 - Knowledge - INFO - Worker kw18 processing /app/data/T0015/325511/b6423qn/entservices-deviceanddisplay-325511/FrameRate/README.md
2026-02-23 09:48:25,193 - Knowledge - INFO - process ingested knowledge for /app/data/T0015/325511/b6423qn/entservices-deviceanddisplay-325511/Tests/gcc-with-coverage.cmake
2026-02-23 09:48:25,273 - Knowledge - INFO - process ingested knowledge for /app/data/T0015/325511/b6423qn/entservices-deviceanddisplay-325511/SystemServices/TestClient/CMakeLists.txt
2026-02-23 09:48:25,334 - Knowledge - INFO - process ingested knowledge for /app/data/T0015/325511/b6423qn/entservices-deviceanddisplay-325511/PowerManager/hal/ThermalMfrImpl.h
2026-02-23 09:48:25,334 - Knowledge - INFO - [kw8] Queue=12, InProgress=0, PendingWorkers=20/20, Completed=216/252 (85.7%)
2026-02-23 09:48:25,374 - Knowledge - INFO - process ingested knowledge for /app/data/T0015/325511/b6423qn/entservices-deviceanddisplay-325511/DisplayInfo/DisplayInfo.cpp
2026-02-23 09:48:25,379 - Knowledge - INFO - [kw4] Queue=12, InProgress=0, PendingWorkers=20/20, Completed=216/252 (85.7%)
2026-02-23 09:48:25,462 - Knowledge - INFO - Fast-tracked /app/data/T0015/325511/b6423qn/entservices-deviceanddisplay-325511/Warehouse/CHANGELOG.md (ext=.md, size=1015)
2026-02-23 09:48:25,578 - Knowledge - INFO - process ingested knowledge for /app/data/T0015/325511/b6423qn/entservices-deviceanddisplay-325511/Tests/L1Tests/tests/test_DeviceInfoJsonRpc.cpp
2026-02-23 09:48:25,656 - Knowledge - INFO - process ingested knowledge for /app/data/T0015/325511/b6423qn/entservices-deviceanddisplay-325511/helpers/UtilsCStr.h
2026-02-23 09:48:25,735 - Knowledge - INFO - process ingested knowledge for /app/data/T0015/325511/b6423qn/entservices-deviceanddisplay-325511/PowerManager/CHANGELOG.md
2026-02-23 09:48:25,801 - Knowledge - INFO - process ingested knowledge for /app/data/T0015/325511/b6423qn/entservices-deviceanddisplay-325511/helpers/UtilsFile.h
2026-02-23 09:48:25,883 - Knowledge - INFO - process ingested knowledge for /app/data/T0015/325511/b6423qn/entservices-deviceanddisplay-325511/SystemServices/thermonitor.cpp
2026-02-23 09:48:25,962 - Knowledge - INFO - process ingested knowledge for /app/data/T0015/325511/b6423qn/entservices-deviceanddisplay-325511/Tests/L2Tests/tests/SystemService_L2Test.cpp
2026-02-23 09:48:26,160 - Knowledge - INFO - Fast-tracked /app/data/T0015/325511/b6423qn/entservices-deviceanddisplay-325511/Tests/README.md (ext=.md, size=4041)
2026-02-23 09:48:26,286 - Knowledge - INFO - process ingested knowledge for /app/data/T0015/325511/b6423qn/entservices-deviceanddisplay-325511/Tests/L2Tests/tests/Warehouse_L2Test.cpp
2026-02-23 09:48:26,372 - Knowledge - INFO - Fast-tracked /app/data/T0015/325511/b6423qn/entservices-deviceanddisplay-325511/FrameRate/Module.h (ext=.h, size=873)
2026-02-23 09:48:26,465 - Knowledge - INFO - [kw1] Queue=12, InProgress=0, PendingWorkers=20/20, Completed=216/252 (85.7%)
2026-02-23 09:48:26,576 - Knowledge - INFO - Fast-tracked /app/data/T0015/325511/b6423qn/entservices-deviceanddisplay-325511/FrameRate/README.md (ext=.md, size=183)
2026-02-23 09:48:26,786 - Knowledge - INFO - process ingested knowledge for /app/data/T0015/325511/b6423qn/entservices-deviceanddisplay-325511/SystemServices/SystemServices.h
2026-02-23 09:48:26,884 - Knowledge - INFO - process ingested knowledge for /app/data/T0015/325511/b6423qn/entservices-deviceanddisplay-325511/PowerManager/hal/PowerImpl.h
2026-02-23 09:48:27,002 - Knowledge - INFO - Batch sizing: calculated=4, max_allowed=10, queue=12, active_workers=20/20
2026-02-23 09:48:27,075 - Knowledge - INFO - process ingested knowledge for /app/data/T0015/325511/b6423qn/entservices-deviceanddisplay-325511/DisplayInfo/RPI/PlatformImplementation.cpp
2026-02-23 09:48:27,093 - Knowledge - INFO - [kw14] Queue=12, InProgress=0, PendingWorkers=20/20, Completed=216/252 (85.7%)
2026-02-23 09:48:27,173 - Knowledge - INFO - Batch sizing: calculated=4, max_allowed=10, queue=12, active_workers=20/20
2026-02-23 09:48:27,232 - Knowledge - INFO - Async storage completed for 5 embeddings
2026-02-23 09:48:27,272 - Knowledge - INFO - Worker kw7 processing /app/data/T0015/325511/b6423qn/entservices-deviceanddisplay-325511/Warehouse/WarehouseImplementation.h
2026-02-23 09:48:27,570 - Knowledge - INFO - Async storage completed for 4 embeddings
2026-02-23 09:48:27,616 - Knowledge - INFO - process ingested knowledge for /app/data/T0015/325511/b6423qn/entservices-deviceanddisplay-325511/PowerManager/PowerManagerImplementation.cpp
2026-02-23 09:48:27,868 - Knowledge - INFO - process ingested knowledge for /app/data/T0015/325511/b6423qn/entservices-deviceanddisplay-325511/SystemServices/SystemServicesHelper.cpp
2026-02-23 09:48:27,946 - Knowledge - INFO - Async storage completed for 5 embeddings
2026-02-23 09:48:28,122 - Knowledge - INFO - Worker kw11 processing /app/data/T0015/325511/b6423qn/entservices-deviceanddisplay-325511/FrameRate/CMakeLists.txt
2026-02-23 09:48:28,225 - Knowledge - INFO - Batch sizing: calculated=4, max_allowed=10, queue=12, active_workers=20/20
2026-02-23 09:48:28,310 - Knowledge - INFO - Worker kw18 processing /app/data/T0015/325511/b6423qn/entservices-deviceanddisplay-325511/FrameRate/FrameRateImplementation.h
2026-02-23 09:48:28,450 - Knowledge - INFO - [kw20] Queue=12, InProgress=0, PendingWorkers=20/20, Completed=216/252 (85.7%)
2026-02-23 09:48:28,451 - Knowledge - INFO - [kw15] Queue=12, InProgress=0, PendingWorkers=20/20, Completed=216/252 (85.7%)
2026-02-23 09:48:28,739 - Knowledge - INFO - process ingested knowledge for /app/data/T0015/325511/b6423qn/entservices-deviceanddisplay-325511/PowerManager/hal/ThermalImpl.h
2026-02-23 09:48:28,797 - Knowledge - INFO - Batch sizing: calculated=4, max_allowed=10, queue=12, active_workers=20/20
2026-02-23 09:48:29,033 - Knowledge - INFO - Async storing batch of 4 embeddings
2026-02-23 09:48:29,064 - Knowledge - INFO - Worker kw7 processing /app/data/T0015/325511/b6423qn/entservices-deviceanddisplay-325511/FrameRate/FrameRate.cpp
2026-02-23 09:48:29,172 - Knowledge - INFO - Async storing batch of 4 embeddings
2026-02-23 09:48:29,326 - Knowledge - INFO - [kw9] Queue=4, InProgress=0, PendingWorkers=20/20, Completed=216/252 (85.7%)
2026-02-23 09:48:29,326 - Knowledge - INFO - [kw10] Queue=4, InProgress=0, PendingWorkers=20/20, Completed=216/252 (85.7%)
2026-02-23 09:48:29,417 - Knowledge - INFO - process ingested knowledge for /app/data/T0015/325511/b6423qn/entservices-deviceanddisplay-325511/PowerManager/PowerUtils.cpp
2026-02-23 09:48:29,540 - Knowledge - INFO - Fast-tracked /app/data/T0015/325511/b6423qn/entservices-deviceanddisplay-325511/FrameRate/CMakeLists.txt (ext=.txt, size=3829)
2026-02-23 09:48:29,616 - Knowledge - INFO - [kw2] Queue=4, InProgress=0, PendingWorkers=20/20, Completed=217/252 (86.1%)
2026-02-23 09:48:29,718 - Knowledge - INFO - Worker kw18 processing /app/data/T0015/325511/b6423qn/entservices-deviceanddisplay-325511/FrameRate/Module.cpp
2026-02-23 09:48:29,789 - Knowledge - INFO - Batch sizing: calculated=4, max_allowed=10, queue=12, active_workers=20/20
2026-02-23 09:48:29,814 - Knowledge - INFO - Async storing batch of 4 embeddings
2026-02-23 09:48:29,875 - Knowledge - INFO - Batch sizing: calculated=4, max_allowed=10, queue=12, active_workers=19/20
2026-02-23 09:48:30,006 - Knowledge - INFO - Processing batch of 4 files
2026-02-23 09:48:30,132 - Knowledge - INFO - Worker kw4 processing /app/data/T0015/325511/b6423qn/entservices-deviceanddisplay-325511/DisplaySettings/DisplaySettings.cpp
2026-02-23 09:48:30,304 - Knowledge - INFO - Worker kw8 processing /app/data/T0015/325511/b6423qn/entservices-deviceanddisplay-325511/DisplaySettings/cmake/FindDS.cmake
2026-02-23 09:48:30,380 - Knowledge - INFO - Batch sizing: calculated=4, max_allowed=10, queue=4, active_workers=17/20
2026-02-23 09:48:30,469 - Knowledge - INFO - Batch sizing: calculated=4, max_allowed=10, queue=4, active_workers=17/20
2026-02-23 09:48:30,661 - Knowledge - INFO - Worker kw11 processing /app/data/T0015/325511/b6423qn/entservices-deviceanddisplay-325511/FrameRate/FrameRateImplementation.cpp
2026-02-23 09:48:30,750 - Knowledge - INFO - Batch sizing: calculated=4, max_allowed=10, queue=4, active_workers=16/20
2026-02-23 09:48:30,883 - Knowledge - INFO - Fast-tracked /app/data/T0015/325511/b6423qn/entservices-deviceanddisplay-325511/FrameRate/Module.cpp (ext=.cpp, size=765)
2026-02-23 09:48:31,049 - Knowledge - INFO - Worker kw1 processing /app/data/T0015/325511/b6423qn/entservices-deviceanddisplay-325511/DisplaySettings/CHANGELOG.md
2026-02-23 09:48:31,230 - Knowledge - INFO - process ingested knowledge for /app/data/T0015/325511/b6423qn/entservices-deviceanddisplay-325511/Tests/L2Tests/tests/DisplaySettings_L2Test.cpp
2026-02-23 09:48:31,314 - Knowledge - INFO - Fast-tracked /app/data/T0015/325511/b6423qn/entservices-deviceanddisplay-325511/DisplaySettings/DisplaySettings.cpp (ext=.cpp, size=274386)
2026-02-23 09:48:31,413 - Knowledge - INFO - Fast-tracked /app/data/T0015/325511/b6423qn/entservices-deviceanddisplay-325511/DisplaySettings/cmake/FindDS.cmake (ext=.cmake, size=1752)
2026-02-23 09:48:31,678 - Knowledge - INFO - Worker kw11 processing /app/data/T0015/325511/b6423qn/entservices-deviceanddisplay-325511/FrameRate/FrameRate.h
2026-02-23 09:48:31,893 - Knowledge - INFO - Worker kw18 processing /app/data/T0015/325511/b6423qn/entservices-deviceanddisplay-325511/FrameRate/CHANGELOG.md
2026-02-23 09:48:32,043 - Knowledge - INFO - Fast-tracked /app/data/T0015/325511/b6423qn/entservices-deviceanddisplay-325511/DisplaySettings/CHANGELOG.md (ext=.md, size=1015)
2026-02-23 09:48:32,046 - Knowledge - INFO - Async storage completed for 4 embeddings
2026-02-23 09:48:32,137 - Knowledge - INFO - process ingested knowledge for /app/data/T0015/325511/b6423qn/entservices-deviceanddisplay-325511/Tests/L2Tests/tests/FrameRate_L2Test.cpp
2026-02-23 09:48:32,209 - Knowledge - INFO - Worker kw4 processing /app/data/T0015/325511/b6423qn/entservices-deviceanddisplay-325511/DisplaySettings/Module.h
2026-02-23 09:48:32,306 - Knowledge - INFO - Worker kw8 processing /app/data/T0015/325511/b6423qn/entservices-deviceanddisplay-325511/DisplaySettings/DisplaySettings.h
2026-02-23 09:48:32,474 - Knowledge - INFO - Fast-tracked /app/data/T0015/325511/b6423qn/entservices-deviceanddisplay-325511/FrameRate/CHANGELOG.md (ext=.md, size=1015)
2026-02-23 09:48:32,557 - Knowledge - INFO - Worker kw1 processing /app/data/T0015/325511/b6423qn/entservices-deviceanddisplay-325511/CONTRIBUTING.md
2026-02-23 09:48:32,727 - Knowledge - INFO - process ingested knowledge for /app/data/T0015/325511/b6423qn/entservices-deviceanddisplay-325511/Tests/L2Tests/tests/UserPreferences_L2Test.cpp
2026-02-23 09:48:32,839 - Knowledge - INFO - Fast-tracked /app/data/T0015/325511/b6423qn/entservices-deviceanddisplay-325511/DisplaySettings/Module.h (ext=.h, size=879)
2026-02-23 09:48:32,960 - Knowledge - INFO - Worker kw8 processing /app/data/T0015/325511/b6423qn/entservices-deviceanddisplay-325511/DisplaySettings/README.md
2026-02-23 09:48:33,152 - Knowledge - INFO - Fast-tracked /app/data/T0015/325511/b6423qn/entservices-deviceanddisplay-325511/CONTRIBUTING.md (ext=.md, size=267)
2026-02-23 09:48:33,250 - Knowledge - INFO - process ingested knowledge for /app/data/T0015/325511/b6423qn/entservices-deviceanddisplay-325511/Tests/README.md
2026-02-23 09:48:33,319 - Knowledge - INFO - Worker kw4 processing /app/data/T0015/325511/b6423qn/entservices-deviceanddisplay-325511/DisplaySettings/CMakeLists.txt
2026-02-23 09:48:33,460 - Knowledge - INFO - Fast-tracked /app/data/T0015/325511/b6423qn/entservices-deviceanddisplay-325511/DisplaySettings/README.md (ext=.md, size=914)
2026-02-23 09:48:33,535 - Knowledge - INFO - Worker kw1 processing /app/data/T0015/325511/b6423qn/entservices-deviceanddisplay-325511/CHANGELOG.md
2026-02-23 09:48:33,663 - Knowledge - INFO - [LLM_CALL] Completed: Warehouse.h:chunk1, Duration: 7573ms, PromptTokens: 2130, CompletionTokens: 429, Cost: $0.00038
2026-02-23 09:48:33,827 - Knowledge - INFO - Fast-tracked /app/data/T0015/325511/b6423qn/entservices-deviceanddisplay-325511/DisplaySettings/CMakeLists.txt (ext=.txt, size=2615)
2026-02-23 09:48:33,897 - Knowledge - INFO - Worker kw8 processing /app/data/T0015/325511/b6423qn/entservices-deviceanddisplay-325511/DisplaySettings/Module.cpp
2026-02-23 09:48:34,020 - Knowledge - INFO - Fast-tracked /app/data/T0015/325511/b6423qn/entservices-deviceanddisplay-325511/CHANGELOG.md (ext=.md, size=66043)
2026-02-23 09:48:34,116 - Knowledge - INFO - done ingest for /app/data/T0015/325511/b6423qn/entservices-deviceanddisplay-325511/Warehouse/Warehouse.h
2026-02-23 09:48:34,206 - Knowledge - INFO - Worker kw4 processing /app/data/T0015/325511/b6423qn/entservices-deviceanddisplay-325511/DisplaySettings/cmake/FindIARMBus.cmake
2026-02-23 09:48:34,268 - Knowledge - INFO - [LLM_CALL] Completed: Warehouse.cpp:chunk1, Duration: 9295ms, PromptTokens: 2936, CompletionTokens: 503, Cost: $0.00049
2026-02-23 09:48:34,337 - Knowledge - INFO - Fast-tracked /app/data/T0015/325511/b6423qn/entservices-deviceanddisplay-325511/DisplaySettings/Module.cpp (ext=.cpp, size=765)
2026-02-23 09:48:34,406 - Knowledge - INFO - Worker kw1 processing /app/data/T0015/325511/b6423qn/entservices-deviceanddisplay-325511/build_dependencies.sh
2026-02-23 09:48:34,647 - Knowledge - INFO - Fast-tracked /app/data/T0015/325511/b6423qn/entservices-deviceanddisplay-325511/DisplaySettings/cmake/FindIARMBus.cmake (ext=.cmake, size=1584)
2026-02-23 09:48:34,699 - Knowledge - INFO - done ingest for /app/data/T0015/325511/b6423qn/entservices-deviceanddisplay-325511/Warehouse/Warehouse.cpp
2026-02-23 09:48:34,745 - Knowledge - INFO - Processing batch of 4 files
2026-02-23 09:48:34,757 - Knowledge - INFO - [WEBSOCKET] Sent: Type=progress_update, Size: 273, Duration: 0ms
2026-02-23 09:48:34,812 - Knowledge - INFO - Async storage completed for 5 embeddings
2026-02-23 09:48:35,015 - Knowledge - INFO - Async storage completed for 4 embeddings
2026-02-23 09:48:35,207 - Knowledge - INFO - process ingested knowledge for /app/data/T0015/325511/b6423qn/entservices-deviceanddisplay-325511/Warehouse/cmake/FindIARMBus.cmake
2026-02-23 09:48:35,336 - Knowledge - INFO - [WEBSOCKET] Sent: Type=unknown, Size: ?, Duration: 579ms
2026-02-23 09:48:35,444 - Knowledge - INFO - Async storage completed for 5 embeddings
2026-02-23 09:48:35,585 - Knowledge - INFO - process ingested knowledge for /app/data/T0015/325511/b6423qn/entservices-deviceanddisplay-325511/Warehouse/cmake/FindDS.cmake
2026-02-23 09:48:35,642 - Knowledge - INFO - Progress: 88.9% | Files: 225/252 | Rate: 1.22 files/sec | Queue: 0
2026-02-23 09:48:35,776 - Knowledge - INFO - Processing batch of 4 files
2026-02-23 09:48:35,886 - Knowledge - INFO - process ingested knowledge for /app/data/T0015/325511/b6423qn/entservices-deviceanddisplay-325511/Warehouse/Warehouse.h
2026-02-23 09:48:36,058 - Knowledge - INFO - process ingested knowledge for /app/data/T0015/325511/b6423qn/entservices-deviceanddisplay-325511/DisplaySettings/DisplaySettings.cpp
2026-02-23 09:48:36,193 - Knowledge - INFO - process ingested knowledge for /app/data/T0015/325511/b6423qn/entservices-deviceanddisplay-325511/Warehouse/README.md
2026-02-23 09:48:36,304 - Knowledge - INFO - process ingested knowledge for /app/data/T0015/325511/b6423qn/entservices-deviceanddisplay-325511/DisplaySettings/Module.h
2026-02-23 09:48:36,770 - Knowledge - INFO - process ingested knowledge for /app/data/T0015/325511/b6423qn/entservices-deviceanddisplay-325511/DisplaySettings/CMakeLists.txt
2026-02-23 09:48:37,124 - Knowledge - INFO - process ingested knowledge for /app/data/T0015/325511/b6423qn/entservices-deviceanddisplay-325511/DisplaySettings/cmake/FindIARMBus.cmake
2026-02-23 09:48:37,725 - Knowledge - INFO - Async storage completed for 4 embeddings
2026-02-23 09:48:37,819 - Knowledge - INFO - Async storage completed for 4 embeddings
2026-02-23 09:48:39,154 - Knowledge - INFO - [LLM_CALL] Completed: build_dependencies.sh:chunk1, Duration: 3827ms, PromptTokens: 3918, CompletionTokens: 59, Cost: $0.00042
2026-02-23 09:48:39,338 - Knowledge - INFO - done ingest for /app/data/T0015/325511/b6423qn/entservices-deviceanddisplay-325511/build_dependencies.sh
2026-02-23 09:48:39,859 - Knowledge - INFO - Processing batch of 4 files
2026-02-23 09:48:40,115 - Knowledge - INFO - process ingested knowledge for /app/data/T0015/325511/b6423qn/entservices-deviceanddisplay-325511/DisplaySettings/CHANGELOG.md
2026-02-23 09:48:40,226 - Knowledge - INFO - [LLM_CALL] Completed: FrameRate.cpp:chunk1, Duration: 9089ms, PromptTokens: 3328, CompletionTokens: 604, Cost: $0.00057
2026-02-23 09:48:40,574 - Knowledge - INFO - done ingest for /app/data/T0015/325511/b6423qn/entservices-deviceanddisplay-325511/FrameRate/FrameRate.cpp
2026-02-23 09:48:40,959 - Knowledge - INFO - process ingested knowledge for /app/data/T0015/325511/b6423qn/entservices-deviceanddisplay-325511/CONTRIBUTING.md
2026-02-23 09:48:41,318 - Knowledge - INFO - [WEBSOCKET] Sent: Type=progress_update, Size: 273, Duration: 0ms
2026-02-23 09:48:41,502 - Knowledge - INFO - process ingested knowledge for /app/data/T0015/325511/b6423qn/entservices-deviceanddisplay-325511/CHANGELOG.md
2026-02-23 09:48:41,580 - Knowledge - INFO - [WEBSOCKET] Sent: Type=unknown, Size: ?, Duration: 262ms
2026-02-23 09:48:41,867 - Knowledge - INFO - Progress: 92.1% | Files: 232/252 | Rate: 1.22 files/sec | Queue: 0
2026-02-23 09:48:41,943 - Knowledge - INFO - process ingested knowledge for /app/data/T0015/325511/b6423qn/entservices-deviceanddisplay-325511/build_dependencies.sh
2026-02-23 09:48:42,934 - Knowledge - INFO - [LLM_CALL] Completed: WarehouseImplementation.cpp:chunk1, Duration: 17159ms, PromptTokens: 14488, CompletionTokens: 1136, Cost: $0.00190
2026-02-23 09:48:43,224 - Knowledge - INFO - done ingest for /app/data/T0015/325511/b6423qn/entservices-deviceanddisplay-325511/Warehouse/WarehouseImplementation.cpp
2026-02-23 09:48:44,226 - Knowledge - INFO - [LLM_CALL] Completed: FrameRateImplementation.h:chunk1, Duration: 11142ms, PromptTokens: 3318, CompletionTokens: 713, Cost: $0.00062
2026-02-23 09:48:44,466 - Knowledge - INFO - done ingest for /app/data/T0015/325511/b6423qn/entservices-deviceanddisplay-325511/FrameRate/FrameRateImplementation.h
2026-02-23 09:48:44,663 - Knowledge - INFO - [LLM_CALL] Completed: WarehouseImplementation.h:chunk1, Duration: 14444ms, PromptTokens: 2934, CompletionTokens: 1109, Cost: $0.00074
2026-02-23 09:48:44,899 - Knowledge - INFO - done ingest for /app/data/T0015/325511/b6423qn/entservices-deviceanddisplay-325511/Warehouse/WarehouseImplementation.h
2026-02-23 09:48:45,341 - Knowledge - INFO - Processing batch of 4 files
2026-02-23 09:48:45,347 - Knowledge - INFO - Processing batch of 4 files
2026-02-23 09:48:45,558 - Knowledge - INFO - process ingested knowledge for /app/data/T0015/325511/b6423qn/entservices-deviceanddisplay-325511/Warehouse/Warehouse.cpp
2026-02-23 09:48:45,678 - Knowledge - INFO - process ingested knowledge for /app/data/T0015/325511/b6423qn/entservices-deviceanddisplay-325511/FrameRate/README.md
2026-02-23 09:48:46,309 - Knowledge - INFO - [LLM_CALL] Completed: FrameRate.h:chunk1, Duration: 12184ms, PromptTokens: 2302, CompletionTokens: 499, Cost: $0.00043
2026-02-23 09:48:46,309 - Knowledge - INFO - process ingested knowledge for /app/data/T0015/325511/b6423qn/entservices-deviceanddisplay-325511/FrameRate/FrameRateImplementation.h
2026-02-23 09:48:46,359 - Knowledge - INFO - process ingested knowledge for /app/data/T0015/325511/b6423qn/entservices-deviceanddisplay-325511/Warehouse/Module.h
2026-02-23 09:48:46,554 - Knowledge - INFO - done ingest for /app/data/T0015/325511/b6423qn/entservices-deviceanddisplay-325511/FrameRate/FrameRate.h
2026-02-23 09:48:46,575 - Knowledge - INFO - Processing batch of 4 files
2026-02-23 09:48:46,700 - Knowledge - INFO - process ingested knowledge for /app/data/T0015/325511/b6423qn/entservices-deviceanddisplay-325511/FrameRate/Module.cpp
2026-02-23 09:48:46,777 - Knowledge - INFO - process ingested knowledge for /app/data/T0015/325511/b6423qn/entservices-deviceanddisplay-325511/Warehouse/WarehouseImplementation.cpp
2026-02-23 09:48:47,042 - Knowledge - INFO - process ingested knowledge for /app/data/T0015/325511/b6423qn/entservices-deviceanddisplay-325511/Warehouse/Module.cpp
2026-02-23 09:48:47,459 - Knowledge - INFO - [LLM_CALL] Completed: FrameRateImplementation.cpp:chunk1, Duration: 15059ms, PromptTokens: 9800, CompletionTokens: 997, Cost: $0.00138
2026-02-23 09:48:47,463 - Knowledge - INFO - process ingested knowledge for /app/data/T0015/325511/b6423qn/entservices-deviceanddisplay-325511/Warehouse/CMakeLists.txt
2026-02-23 09:48:47,464 - Knowledge - INFO - process ingested knowledge for /app/data/T0015/325511/b6423qn/entservices-deviceanddisplay-325511/Warehouse/CHANGELOG.md
2026-02-23 09:48:47,465 - Knowledge - INFO - process ingested knowledge for /app/data/T0015/325511/b6423qn/entservices-deviceanddisplay-325511/FrameRate/CHANGELOG.md
2026-02-23 09:48:47,622 - Knowledge - INFO - done ingest for /app/data/T0015/325511/b6423qn/entservices-deviceanddisplay-325511/FrameRate/FrameRateImplementation.cpp
2026-02-23 09:48:47,793 - Knowledge - INFO - process ingested knowledge for /app/data/T0015/325511/b6423qn/entservices-deviceanddisplay-325511/Warehouse/WarehouseImplementation.h
2026-02-23 09:48:48,241 - Knowledge - INFO - [WEBSOCKET] Sent: Type=progress_update, Size: 274, Duration: 0ms
2026-02-23 09:48:48,245 - Knowledge - INFO - process ingested knowledge for /app/data/T0015/325511/b6423qn/entservices-deviceanddisplay-325511/FrameRate/FrameRate.cpp
2026-02-23 09:48:48,398 - Knowledge - INFO - [WEBSOCKET] Sent: Type=unknown, Size: ?, Duration: 158ms
2026-02-23 09:48:48,612 - Knowledge - INFO - Progress: 98.0% | Files: 248/252 | Rate: 1.26 files/sec | Queue: 0
2026-02-23 09:48:48,628 - Knowledge - INFO - Processing batch of 4 files
2026-02-23 09:48:48,930 - Knowledge - INFO - process ingested knowledge for /app/data/T0015/325511/b6423qn/entservices-deviceanddisplay-325511/FrameRate/Module.h
2026-02-23 09:48:49,140 - Knowledge - INFO - process ingested knowledge for /app/data/T0015/325511/b6423qn/entservices-deviceanddisplay-325511/FrameRate/CMakeLists.txt
2026-02-23 09:48:49,363 - Knowledge - INFO - process ingested knowledge for /app/data/T0015/325511/b6423qn/entservices-deviceanddisplay-325511/FrameRate/FrameRateImplementation.cpp
2026-02-23 09:48:49,579 - Knowledge - INFO - process ingested knowledge for /app/data/T0015/325511/b6423qn/entservices-deviceanddisplay-325511/FrameRate/FrameRate.h
2026-02-23 09:49:09,683 - Knowledge - INFO - [LLM_CALL] Completed: DisplaySettings.h:chunk1, Duration: 34358ms, PromptTokens: 9624, CompletionTokens: 3403, Cost: $0.00232
2026-02-23 09:49:09,857 - Knowledge - INFO - done ingest for /app/data/T0015/325511/b6423qn/entservices-deviceanddisplay-325511/DisplaySettings/DisplaySettings.h
2026-02-23 09:49:10,057 - Knowledge - INFO - Processing batch of 4 files
2026-02-23 09:49:10,250 - Knowledge - INFO - process ingested knowledge for /app/data/T0015/325511/b6423qn/entservices-deviceanddisplay-325511/DisplaySettings/cmake/FindDS.cmake
2026-02-23 09:49:10,414 - Knowledge - INFO - process ingested knowledge for /app/data/T0015/325511/b6423qn/entservices-deviceanddisplay-325511/DisplaySettings/DisplaySettings.h
2026-02-23 09:49:10,642 - Knowledge - INFO - process ingested knowledge for /app/data/T0015/325511/b6423qn/entservices-deviceanddisplay-325511/DisplaySettings/README.md
2026-02-23 09:49:10,822 - Knowledge - INFO - process ingested knowledge for /app/data/T0015/325511/b6423qn/entservices-deviceanddisplay-325511/DisplaySettings/Module.cpp
2026-02-23 09:49:11,320 - Knowledge - INFO - Knowledge creation complete
2026-02-23 09:49:11,487 - Knowledge - INFO - ==================================================
2026-02-23 09:49:11,630 - Knowledge - INFO - KNOWLEDGE GRAPH GENERATION PERFORMANCE SUMMARY
2026-02-23 09:49:11,829 - Knowledge - INFO - ==================================================
2026-02-23 09:49:12,016 - Knowledge - INFO - Total processing time: 220.79 seconds (3.68 minutes)
2026-02-23 09:49:12,187 - Knowledge - INFO - Files processed: 0
2026-02-23 09:49:12,348 - Knowledge - INFO - Processing rate: 0.00 files/second
2026-02-23 09:49:12,505 - Knowledge - INFO - 
[TIME_BREAKDOWN]
2026-02-23 09:49:12,867 - Knowledge - INFO - File Reading: 0.00s (0.0%)
2026-02-23 09:49:13,027 - Knowledge - INFO - LLM Processing: 4078.31s (1847.1%)
2026-02-23 09:49:13,215 - Knowledge - INFO - MongoDB Operations: 0.00s (0.0%)
2026-02-23 09:49:13,380 - Knowledge - INFO - Redis Operations: 0.00s (0.0%)
2026-02-23 09:49:13,542 - Knowledge - INFO - WebSocket Communication: 22.18s (10.0%)
2026-02-23 09:49:13,717 - Knowledge - INFO - 
[LLM_STATS]
2026-02-23 09:49:13,920 - Knowledge - INFO - Total LLM calls: 78
2026-02-23 09:49:14,129 - Knowledge - INFO - Average LLM response time: 52286ms
2026-02-23 09:49:14,300 - Knowledge - INFO - Average prompt tokens: 5228.5
2026-02-23 09:49:14,473 - Knowledge - INFO - Average completion tokens: 710.7
2026-02-23 09:49:14,641 - Knowledge - INFO - Total prompt tokens: 407820
2026-02-23 09:49:14,841 - Knowledge - INFO - Total completion tokens: 55431
2026-02-23 09:49:15,031 - Knowledge - INFO - Total LLM cost: $0.0630
2026-02-23 09:49:15,232 - Knowledge - INFO - 
[DATABASE_STATS]
2026-02-23 09:49:15,394 - Knowledge - INFO - MongoDB operations: 0
2026-02-23 09:49:15,607 - Knowledge - INFO - Redis operations: 0
2026-02-23 09:49:15,822 - Knowledge - INFO - 
[COMMUNICATION_STATS]
2026-02-23 09:49:15,973 - Knowledge - INFO - WebSocket messages sent: 30
2026-02-23 09:49:16,125 - Knowledge - INFO - Average message size: 149.0 bytes
2026-02-23 09:49:16,307 - Knowledge - INFO - 
[WORKER_STATS]
2026-02-23 09:49:16,468 - Knowledge - INFO - 
[FILE_TYPE_STATS]
2026-02-23 09:49:16,660 - Knowledge - INFO - 
[SLOWEST_FILES]
2026-02-23 09:49:16,883 - Knowledge - INFO - ==================================================
2026-02-23 09:49:17,074 - Knowledge - INFO - ==================================================
2026-02-23 09:49:17,268 - Knowledge - INFO - KNOWLEDGE GRAPH GENERATION PERFORMANCE SUMMARY
2026-02-23 09:49:17,461 - Knowledge - INFO - ==================================================
2026-02-23 09:49:17,661 - Knowledge - INFO - Total processing time: 226.44 seconds (3.77 minutes)
2026-02-23 09:49:17,857 - Knowledge - INFO - Files processed: 252 of 252
2026-02-23 09:49:18,058 - Knowledge - INFO - Processing rate: 1.11 files/second
2026-02-23 09:49:18,210 - Knowledge - INFO - WebSocket messages sent: 15
2026-02-23 09:49:18,373 - Knowledge - INFO - MongoDB operations: 252
2026-02-23 09:49:18,564 - Knowledge - INFO - Average MongoDB ops per file: 1.00
2026-02-23 09:49:18,753 - Knowledge - INFO - LLM costs: $0.0639
2026-02-23 09:49:18,987 - Knowledge - INFO - Prompt tokens: 414394
2026-02-23 09:49:19,172 - Knowledge - INFO - Completion tokens: 56229
2026-02-23 09:49:19,390 - Knowledge - INFO - Updating org costs, total cost: 0.06393100000000003
2026-02-23 09:49:20,595 - Knowledge - INFO - [WEBSOCKET] Sent: Type=progress_update, Size: 270, Duration: 0ms
2026-02-23 09:49:20,798 - Knowledge - INFO - Saving knowledge to Redis...
2026-02-23 09:49:21,164 - Knowledge - INFO - Knowledge saved to Redis successfully
